spreadsheetId,accountId,month,folder_id,currentPeriodTotalCost
1Z3EBgrz73wTOhWN4YWDdzZv8seSvB1yBlZpOV_0Z1TY,6713 ,Jan 2021,1RNCQNNf8L6C28UcoHB0aHNiShNjQXQ2X,223.36
1Z3EBgrz73wTOhWN4YWDdzZv8seSvB1yBlZpOV_0Z1TY,6713 ,Feb 2021,1RNCQNNf8L6C28UcoHB0aHNiShNjQXQ2X,223.36
1Z3EBgrz73wTOhWN4YWDdzZv8seSvB1yBlZpOV_0Z1TY,6713 ,Mar 2021,1RNCQNNf8L6C28UcoHB0aHNiShNjQXQ2X,223.36
1Z3EBgrz73wTOhWN4YWDdzZv8seSvB1yBlZpOV_0Z1TY,6713 ,Apr 2021,1RNCQNNf8L6C28UcoHB0aHNiShNjQXQ2X,223.36
1Z3EBgrz73wTOhWN4YWDdzZv8seSvB1yBlZpOV_0Z1TY,6713 ,May 2021,1RNCQNNf8L6C28UcoHB0aHNiShNjQXQ2X,223.36
1Z3EBgrz73wTOhWN4YWDdzZv8seSvB1yBlZpOV_0Z1TY,6713 ,Jun 2021,1RNCQNNf8L6C28UcoHB0aHNiShNjQXQ2X,223.36
1Z3EBgrz73wTOhWN4YWDdzZv8seSvB1yBlZpOV_0Z1TY,6713 ,Jul 2021,1RNCQNNf8L6C28UcoHB0aHNiShNjQXQ2X,223.36
1Z3EBgrz73wTOhWN4YWDdzZv8seSvB1yBlZpOV_0Z1TY,6713 ,Aug 2021,1RNCQNNf8L6C28UcoHB0aHNiShNjQXQ2X,223.36
1Z3EBgrz73wTOhWN4YWDdzZv8seSvB1yBlZpOV_0Z1TY,6713 ,Sep 2021,1RNCQNNf8L6C28UcoHB0aHNiShNjQXQ2X,223.36
1Z3EBgrz73wTOhWN4YWDdzZv8seSvB1yBlZpOV_0Z1TY,6713 ,Oct 2021,1RNCQNNf8L6C28UcoHB0aHNiShNjQXQ2X,223.36
1Z3EBgrz73wTOhWN4YWDdzZv8seSvB1yBlZpOV_0Z1TY,6713 ,Nov 2021,1RNCQNNf8L6C28UcoHB0aHNiShNjQXQ2X,223.36
1Z3EBgrz73wTOhWN4YWDdzZv8seSvB1yBlZpOV_0Z1TY,6713 ,Dec 2021,1RNCQNNf8L6C28UcoHB0aHNiShNjQXQ2X,223.36
182ivYcC79h4iY1Nnh57nMaz_qebzEmhfWwWhWXBDON0,7980 ,Jan 2021,1RNCQNNf8L6C28UcoHB0aHNiShNjQXQ2X,0
182ivYcC79h4iY1Nnh57nMaz_qebzEmhfWwWhWXBDON0,7980 ,Feb 2021,1RNCQNNf8L6C28UcoHB0aHNiShNjQXQ2X,0
182ivYcC79h4iY1Nnh57nMaz_qebzEmhfWwWhWXBDON0,7980 ,Mar 2021,1RNCQNNf8L6C28UcoHB0aHNiShNjQXQ2X,0
182ivYcC79h4iY1Nnh57nMaz_qebzEmhfWwWhWXBDON0,7980 ,Apr 2021,1RNCQNNf8L6C28UcoHB0aHNiShNjQXQ2X,0
182ivYcC79h4iY1Nnh57nMaz_qebzEmhfWwWhWXBDON0,7980 ,May 2021,1RNCQNNf8L6C28UcoHB0aHNiShNjQXQ2X,0
182ivYcC79h4iY1Nnh57nMaz_qebzEmhfWwWhWXBDON0,7980 ,Jun 2021,1RNCQNNf8L6C28UcoHB0aHNiShNjQXQ2X,0
182ivYcC79h4iY1Nnh57nMaz_qebzEmhfWwWhWXBDON0,7980 ,Jul 2021,1RNCQNNf8L6C28UcoHB0aHNiShNjQXQ2X,0
182ivYcC79h4iY1Nnh57nMaz_qebzEmhfWwWhWXBDON0,7980 ,Aug 2021,1RNCQNNf8L6C28UcoHB0aHNiShNjQXQ2X,0
182ivYcC79h4iY1Nnh57nMaz_qebzEmhfWwWhWXBDON0,7980 ,Sep 2021,1RNCQNNf8L6C28UcoHB0aHNiShNjQXQ2X,0
182ivYcC79h4iY1Nnh57nMaz_qebzEmhfWwWhWXBDON0,7980 ,Oct 2021,1RNCQNNf8L6C28UcoHB0aHNiShNjQXQ2X,0
182ivYcC79h4iY1Nnh57nMaz_qebzEmhfWwWhWXBDON0,7980 ,Nov 2021,1RNCQNNf8L6C28UcoHB0aHNiShNjQXQ2X,0
182ivYcC79h4iY1Nnh57nMaz_qebzEmhfWwWhWXBDON0,7980 ,Dec 2021,1RNCQNNf8L6C28UcoHB0aHNiShNjQXQ2X,0
1u9THpzfUZmf4cSUMN_GTgulalip3R_3v_6O8aAx6eEc,3695 ,Jan 2021,1RNCQNNf8L6C28UcoHB0aHNiShNjQXQ2X,1587.62
1u9THpzfUZmf4cSUMN_GTgulalip3R_3v_6O8aAx6eEc,3695 ,Feb 2021,1RNCQNNf8L6C28UcoHB0aHNiShNjQXQ2X,1587.62
1u9THpzfUZmf4cSUMN_GTgulalip3R_3v_6O8aAx6eEc,3695 ,Mar 2021,1RNCQNNf8L6C28UcoHB0aHNiShNjQXQ2X,1587.62
1u9THpzfUZmf4cSUMN_GTgulalip3R_3v_6O8aAx6eEc,3695 ,Apr 2021,1RNCQNNf8L6C28UcoHB0aHNiShNjQXQ2X,1587.62
1u9THpzfUZmf4cSUMN_GTgulalip3R_3v_6O8aAx6eEc,3695 ,May 2021,1RNCQNNf8L6C28UcoHB0aHNiShNjQXQ2X,1587.62
1u9THpzfUZmf4cSUMN_GTgulalip3R_3v_6O8aAx6eEc,3695 ,Jun 2021,1RNCQNNf8L6C28UcoHB0aHNiShNjQXQ2X,1587.62
1u9THpzfUZmf4cSUMN_GTgulalip3R_3v_6O8aAx6eEc,3695 ,Jul 2021,1RNCQNNf8L6C28UcoHB0aHNiShNjQXQ2X,1587.62
1u9THpzfUZmf4cSUMN_GTgulalip3R_3v_6O8aAx6eEc,3695 ,Aug 2021,1RNCQNNf8L6C28UcoHB0aHNiShNjQXQ2X,1587.62
1u9THpzfUZmf4cSUMN_GTgulalip3R_3v_6O8aAx6eEc,3695 ,Sep 2021,1RNCQNNf8L6C28UcoHB0aHNiShNjQXQ2X,1587.62
1u9THpzfUZmf4cSUMN_GTgulalip3R_3v_6O8aAx6eEc,3695 ,Oct 2021,1RNCQNNf8L6C28UcoHB0aHNiShNjQXQ2X,1587.62
1u9THpzfUZmf4cSUMN_GTgulalip3R_3v_6O8aAx6eEc,3695 ,Nov 2021,1RNCQNNf8L6C28UcoHB0aHNiShNjQXQ2X,1587.62
1u9THpzfUZmf4cSUMN_GTgulalip3R_3v_6O8aAx6eEc,3695 ,Dec 2021,1RNCQNNf8L6C28UcoHB0aHNiShNjQXQ2X,1587.62
1RGyPbky9yI4LACnQYSRL5_gg5lgiCeDx5Q5sqknywBQ,2692 ,Jan 2021,1RNCQNNf8L6C28UcoHB0aHNiShNjQXQ2X,625
1RGyPbky9yI4LACnQYSRL5_gg5lgiCeDx5Q5sqknywBQ,2692 ,Feb 2021,1RNCQNNf8L6C28UcoHB0aHNiShNjQXQ2X,625
1RGyPbky9yI4LACnQYSRL5_gg5lgiCeDx5Q5sqknywBQ,2692 ,Mar 2021,1RNCQNNf8L6C28UcoHB0aHNiShNjQXQ2X,625
1RGyPbky9yI4LACnQYSRL5_gg5lgiCeDx5Q5sqknywBQ,2692 ,Apr 2021,1RNCQNNf8L6C28UcoHB0aHNiShNjQXQ2X,625
1RGyPbky9yI4LACnQYSRL5_gg5lgiCeDx5Q5sqknywBQ,2692 ,May 2021,1RNCQNNf8L6C28UcoHB0aHNiShNjQXQ2X,625
1RGyPbky9yI4LACnQYSRL5_gg5lgiCeDx5Q5sqknywBQ,2692 ,Jun 2021,1RNCQNNf8L6C28UcoHB0aHNiShNjQXQ2X,625
1RGyPbky9yI4LACnQYSRL5_gg5lgiCeDx5Q5sqknywBQ,2692 ,Jul 2021,1RNCQNNf8L6C28UcoHB0aHNiShNjQXQ2X,625
1RGyPbky9yI4LACnQYSRL5_gg5lgiCeDx5Q5sqknywBQ,2692 ,Aug 2021,1RNCQNNf8L6C28UcoHB0aHNiShNjQXQ2X,625
1RGyPbky9yI4LACnQYSRL5_gg5lgiCeDx5Q5sqknywBQ,2692 ,Sep 2021,1RNCQNNf8L6C28UcoHB0aHNiShNjQXQ2X,625
1RGyPbky9yI4LACnQYSRL5_gg5lgiCeDx5Q5sqknywBQ,2692 ,Oct 2021,1RNCQNNf8L6C28UcoHB0aHNiShNjQXQ2X,625
1RGyPbky9yI4LACnQYSRL5_gg5lgiCeDx5Q5sqknywBQ,2692 ,Nov 2021,1RNCQNNf8L6C28UcoHB0aHNiShNjQXQ2X,625
1RGyPbky9yI4LACnQYSRL5_gg5lgiCeDx5Q5sqknywBQ,2692 ,Dec 2021,1RNCQNNf8L6C28UcoHB0aHNiShNjQXQ2X,625
1F-7BfWhgV3I2RX691eeff7Av7Zml6MVh8u_yGcPy9sQ,1044 ,Jan 2021,1RNCQNNf8L6C28UcoHB0aHNiShNjQXQ2X,703.24
1F-7BfWhgV3I2RX691eeff7Av7Zml6MVh8u_yGcPy9sQ,1044 ,Feb 2021,1RNCQNNf8L6C28UcoHB0aHNiShNjQXQ2X,703.24
1F-7BfWhgV3I2RX691eeff7Av7Zml6MVh8u_yGcPy9sQ,1044 ,Mar 2021,1RNCQNNf8L6C28UcoHB0aHNiShNjQXQ2X,703.24
1F-7BfWhgV3I2RX691eeff7Av7Zml6MVh8u_yGcPy9sQ,1044 ,Apr 2021,1RNCQNNf8L6C28UcoHB0aHNiShNjQXQ2X,703.24
1F-7BfWhgV3I2RX691eeff7Av7Zml6MVh8u_yGcPy9sQ,1044 ,May 2021,1RNCQNNf8L6C28UcoHB0aHNiShNjQXQ2X,703.24
1F-7BfWhgV3I2RX691eeff7Av7Zml6MVh8u_yGcPy9sQ,1044 ,Jun 2021,1RNCQNNf8L6C28UcoHB0aHNiShNjQXQ2X,703.24
1F-7BfWhgV3I2RX691eeff7Av7Zml6MVh8u_yGcPy9sQ,1044 ,Jul 2021,1RNCQNNf8L6C28UcoHB0aHNiShNjQXQ2X,703.24
1F-7BfWhgV3I2RX691eeff7Av7Zml6MVh8u_yGcPy9sQ,1044 ,Aug 2021,1RNCQNNf8L6C28UcoHB0aHNiShNjQXQ2X,703.24
1F-7BfWhgV3I2RX691eeff7Av7Zml6MVh8u_yGcPy9sQ,1044 ,Sep 2021,1RNCQNNf8L6C28UcoHB0aHNiShNjQXQ2X,703.24
1F-7BfWhgV3I2RX691eeff7Av7Zml6MVh8u_yGcPy9sQ,1044 ,Oct 2021,1RNCQNNf8L6C28UcoHB0aHNiShNjQXQ2X,703.24
1F-7BfWhgV3I2RX691eeff7Av7Zml6MVh8u_yGcPy9sQ,1044 ,Nov 2021,1RNCQNNf8L6C28UcoHB0aHNiShNjQXQ2X,703.24
1F-7BfWhgV3I2RX691eeff7Av7Zml6MVh8u_yGcPy9sQ,1044 ,Dec 2021,1RNCQNNf8L6C28UcoHB0aHNiShNjQXQ2X,703.24
1p7QowG7Hx9xMdJdbz_09yy1OUbOKYzMzQGVyCbJnqdM,6164 ,Jan 2021,1RNCQNNf8L6C28UcoHB0aHNiShNjQXQ2X,746.57
1p7QowG7Hx9xMdJdbz_09yy1OUbOKYzMzQGVyCbJnqdM,6164 ,Feb 2021,1RNCQNNf8L6C28UcoHB0aHNiShNjQXQ2X,746.57
1p7QowG7Hx9xMdJdbz_09yy1OUbOKYzMzQGVyCbJnqdM,6164 ,Mar 2021,1RNCQNNf8L6C28UcoHB0aHNiShNjQXQ2X,746.57
1p7QowG7Hx9xMdJdbz_09yy1OUbOKYzMzQGVyCbJnqdM,6164 ,Apr 2021,1RNCQNNf8L6C28UcoHB0aHNiShNjQXQ2X,746.57
1p7QowG7Hx9xMdJdbz_09yy1OUbOKYzMzQGVyCbJnqdM,6164 ,May 2021,1RNCQNNf8L6C28UcoHB0aHNiShNjQXQ2X,746.57
1p7QowG7Hx9xMdJdbz_09yy1OUbOKYzMzQGVyCbJnqdM,6164 ,Jun 2021,1RNCQNNf8L6C28UcoHB0aHNiShNjQXQ2X,746.57
1p7QowG7Hx9xMdJdbz_09yy1OUbOKYzMzQGVyCbJnqdM,6164 ,Jul 2021,1RNCQNNf8L6C28UcoHB0aHNiShNjQXQ2X,746.57
1p7QowG7Hx9xMdJdbz_09yy1OUbOKYzMzQGVyCbJnqdM,6164 ,Aug 2021,1RNCQNNf8L6C28UcoHB0aHNiShNjQXQ2X,746.57
1p7QowG7Hx9xMdJdbz_09yy1OUbOKYzMzQGVyCbJnqdM,6164 ,Sep 2021,1RNCQNNf8L6C28UcoHB0aHNiShNjQXQ2X,746.57
1p7QowG7Hx9xMdJdbz_09yy1OUbOKYzMzQGVyCbJnqdM,6164 ,Oct 2021,1RNCQNNf8L6C28UcoHB0aHNiShNjQXQ2X,746.57
1p7QowG7Hx9xMdJdbz_09yy1OUbOKYzMzQGVyCbJnqdM,6164 ,Nov 2021,1RNCQNNf8L6C28UcoHB0aHNiShNjQXQ2X,746.57
1p7QowG7Hx9xMdJdbz_09yy1OUbOKYzMzQGVyCbJnqdM,6164 ,Dec 2021,1RNCQNNf8L6C28UcoHB0aHNiShNjQXQ2X,746.57
1st86XKoAyV68tROJk66VCHCxrrLur2RqP-cDnnKYnOk,9013 ,Jan 2021,1RNCQNNf8L6C28UcoHB0aHNiShNjQXQ2X,734.39
1st86XKoAyV68tROJk66VCHCxrrLur2RqP-cDnnKYnOk,9013 ,Feb 2021,1RNCQNNf8L6C28UcoHB0aHNiShNjQXQ2X,734.39
1st86XKoAyV68tROJk66VCHCxrrLur2RqP-cDnnKYnOk,9013 ,Mar 2021,1RNCQNNf8L6C28UcoHB0aHNiShNjQXQ2X,734.39
1st86XKoAyV68tROJk66VCHCxrrLur2RqP-cDnnKYnOk,9013 ,Apr 2021,1RNCQNNf8L6C28UcoHB0aHNiShNjQXQ2X,734.39
1st86XKoAyV68tROJk66VCHCxrrLur2RqP-cDnnKYnOk,9013 ,May 2021,1RNCQNNf8L6C28UcoHB0aHNiShNjQXQ2X,734.39
1st86XKoAyV68tROJk66VCHCxrrLur2RqP-cDnnKYnOk,9013 ,Jun 2021,1RNCQNNf8L6C28UcoHB0aHNiShNjQXQ2X,734.39
1st86XKoAyV68tROJk66VCHCxrrLur2RqP-cDnnKYnOk,9013 ,Jul 2021,1RNCQNNf8L6C28UcoHB0aHNiShNjQXQ2X,734.39
1st86XKoAyV68tROJk66VCHCxrrLur2RqP-cDnnKYnOk,9013 ,Aug 2021,1RNCQNNf8L6C28UcoHB0aHNiShNjQXQ2X,734.39
1st86XKoAyV68tROJk66VCHCxrrLur2RqP-cDnnKYnOk,9013 ,Sep 2021,1RNCQNNf8L6C28UcoHB0aHNiShNjQXQ2X,734.39
1st86XKoAyV68tROJk66VCHCxrrLur2RqP-cDnnKYnOk,9013 ,Oct 2021,1RNCQNNf8L6C28UcoHB0aHNiShNjQXQ2X,734.39
1st86XKoAyV68tROJk66VCHCxrrLur2RqP-cDnnKYnOk,9013 ,Nov 2021,1RNCQNNf8L6C28UcoHB0aHNiShNjQXQ2X,734.39
1st86XKoAyV68tROJk66VCHCxrrLur2RqP-cDnnKYnOk,9013 ,Dec 2021,1RNCQNNf8L6C28UcoHB0aHNiShNjQXQ2X,734.39
14su8wtqcnuagODNaJ9KC_Kv6fxF9Tru5-pR6ch2mJwQ,6960 ,Jan 2021,1RNCQNNf8L6C28UcoHB0aHNiShNjQXQ2X,0
14su8wtqcnuagODNaJ9KC_Kv6fxF9Tru5-pR6ch2mJwQ,6960 ,Feb 2021,1RNCQNNf8L6C28UcoHB0aHNiShNjQXQ2X,0
14su8wtqcnuagODNaJ9KC_Kv6fxF9Tru5-pR6ch2mJwQ,6960 ,Mar 2021,1RNCQNNf8L6C28UcoHB0aHNiShNjQXQ2X,0
14su8wtqcnuagODNaJ9KC_Kv6fxF9Tru5-pR6ch2mJwQ,6960 ,Apr 2021,1RNCQNNf8L6C28UcoHB0aHNiShNjQXQ2X,0
14su8wtqcnuagODNaJ9KC_Kv6fxF9Tru5-pR6ch2mJwQ,6960 ,May 2021,1RNCQNNf8L6C28UcoHB0aHNiShNjQXQ2X,0
14su8wtqcnuagODNaJ9KC_Kv6fxF9Tru5-pR6ch2mJwQ,6960 ,Jun 2021,1RNCQNNf8L6C28UcoHB0aHNiShNjQXQ2X,0
14su8wtqcnuagODNaJ9KC_Kv6fxF9Tru5-pR6ch2mJwQ,6960 ,Jul 2021,1RNCQNNf8L6C28UcoHB0aHNiShNjQXQ2X,0
14su8wtqcnuagODNaJ9KC_Kv6fxF9Tru5-pR6ch2mJwQ,6960 ,Aug 2021,1RNCQNNf8L6C28UcoHB0aHNiShNjQXQ2X,0
14su8wtqcnuagODNaJ9KC_Kv6fxF9Tru5-pR6ch2mJwQ,6960 ,Sep 2021,1RNCQNNf8L6C28UcoHB0aHNiShNjQXQ2X,0
14su8wtqcnuagODNaJ9KC_Kv6fxF9Tru5-pR6ch2mJwQ,6960 ,Oct 2021,1RNCQNNf8L6C28UcoHB0aHNiShNjQXQ2X,0
14su8wtqcnuagODNaJ9KC_Kv6fxF9Tru5-pR6ch2mJwQ,6960 ,Nov 2021,1RNCQNNf8L6C28UcoHB0aHNiShNjQXQ2X,0
14su8wtqcnuagODNaJ9KC_Kv6fxF9Tru5-pR6ch2mJwQ,6960 ,Dec 2021,1RNCQNNf8L6C28UcoHB0aHNiShNjQXQ2X,0
1m_1qOAaJ8Sk_NaDMCXjy1AXXKfZrTG2sISfK1tTOrQU,7059 ,Jan 2021,1RNCQNNf8L6C28UcoHB0aHNiShNjQXQ2X,0
1m_1qOAaJ8Sk_NaDMCXjy1AXXKfZrTG2sISfK1tTOrQU,7059 ,Feb 2021,1RNCQNNf8L6C28UcoHB0aHNiShNjQXQ2X,0
1m_1qOAaJ8Sk_NaDMCXjy1AXXKfZrTG2sISfK1tTOrQU,7059 ,Mar 2021,1RNCQNNf8L6C28UcoHB0aHNiShNjQXQ2X,0
1m_1qOAaJ8Sk_NaDMCXjy1AXXKfZrTG2sISfK1tTOrQU,7059 ,Apr 2021,1RNCQNNf8L6C28UcoHB0aHNiShNjQXQ2X,0
1m_1qOAaJ8Sk_NaDMCXjy1AXXKfZrTG2sISfK1tTOrQU,7059 ,May 2021,1RNCQNNf8L6C28UcoHB0aHNiShNjQXQ2X,0
1m_1qOAaJ8Sk_NaDMCXjy1AXXKfZrTG2sISfK1tTOrQU,7059 ,Jun 2021,1RNCQNNf8L6C28UcoHB0aHNiShNjQXQ2X,0
1m_1qOAaJ8Sk_NaDMCXjy1AXXKfZrTG2sISfK1tTOrQU,7059 ,Jul 2021,1RNCQNNf8L6C28UcoHB0aHNiShNjQXQ2X,0
1m_1qOAaJ8Sk_NaDMCXjy1AXXKfZrTG2sISfK1tTOrQU,7059 ,Aug 2021,1RNCQNNf8L6C28UcoHB0aHNiShNjQXQ2X,0
1m_1qOAaJ8Sk_NaDMCXjy1AXXKfZrTG2sISfK1tTOrQU,7059 ,Sep 2021,1RNCQNNf8L6C28UcoHB0aHNiShNjQXQ2X,0
1m_1qOAaJ8Sk_NaDMCXjy1AXXKfZrTG2sISfK1tTOrQU,7059 ,Oct 2021,1RNCQNNf8L6C28UcoHB0aHNiShNjQXQ2X,0
1m_1qOAaJ8Sk_NaDMCXjy1AXXKfZrTG2sISfK1tTOrQU,7059 ,Nov 2021,1RNCQNNf8L6C28UcoHB0aHNiShNjQXQ2X,0
1m_1qOAaJ8Sk_NaDMCXjy1AXXKfZrTG2sISfK1tTOrQU,7059 ,Dec 2021,1RNCQNNf8L6C28UcoHB0aHNiShNjQXQ2X,0
12j90wLwcTglos0cC9IXESHSBpViiNrCSyvHJDarIJTU,1330 ,Jan 2021,1RNCQNNf8L6C28UcoHB0aHNiShNjQXQ2X,1779.81
12j90wLwcTglos0cC9IXESHSBpViiNrCSyvHJDarIJTU,1330 ,Feb 2021,1RNCQNNf8L6C28UcoHB0aHNiShNjQXQ2X,1779.81
12j90wLwcTglos0cC9IXESHSBpViiNrCSyvHJDarIJTU,1330 ,Mar 2021,1RNCQNNf8L6C28UcoHB0aHNiShNjQXQ2X,1779.81
12j90wLwcTglos0cC9IXESHSBpViiNrCSyvHJDarIJTU,1330 ,Apr 2021,1RNCQNNf8L6C28UcoHB0aHNiShNjQXQ2X,1779.81
12j90wLwcTglos0cC9IXESHSBpViiNrCSyvHJDarIJTU,1330 ,May 2021,1RNCQNNf8L6C28UcoHB0aHNiShNjQXQ2X,1779.81
12j90wLwcTglos0cC9IXESHSBpViiNrCSyvHJDarIJTU,1330 ,Jun 2021,1RNCQNNf8L6C28UcoHB0aHNiShNjQXQ2X,1779.81
12j90wLwcTglos0cC9IXESHSBpViiNrCSyvHJDarIJTU,1330 ,Jul 2021,1RNCQNNf8L6C28UcoHB0aHNiShNjQXQ2X,1779.81
12j90wLwcTglos0cC9IXESHSBpViiNrCSyvHJDarIJTU,1330 ,Aug 2021,1RNCQNNf8L6C28UcoHB0aHNiShNjQXQ2X,1779.81
12j90wLwcTglos0cC9IXESHSBpViiNrCSyvHJDarIJTU,1330 ,Sep 2021,1RNCQNNf8L6C28UcoHB0aHNiShNjQXQ2X,1779.81
12j90wLwcTglos0cC9IXESHSBpViiNrCSyvHJDarIJTU,1330 ,Oct 2021,1RNCQNNf8L6C28UcoHB0aHNiShNjQXQ2X,1779.81
12j90wLwcTglos0cC9IXESHSBpViiNrCSyvHJDarIJTU,1330 ,Nov 2021,1RNCQNNf8L6C28UcoHB0aHNiShNjQXQ2X,1779.81
12j90wLwcTglos0cC9IXESHSBpViiNrCSyvHJDarIJTU,1330 ,Dec 2021,1RNCQNNf8L6C28UcoHB0aHNiShNjQXQ2X,1779.81
1G-imC8c1IhNxHgKKZqI7BszoNxf1Xl6iYRZNe-GO0yM,7784 ,Jan 2021,1RNCQNNf8L6C28UcoHB0aHNiShNjQXQ2X,0
1G-imC8c1IhNxHgKKZqI7BszoNxf1Xl6iYRZNe-GO0yM,7784 ,Feb 2021,1RNCQNNf8L6C28UcoHB0aHNiShNjQXQ2X,0
1G-imC8c1IhNxHgKKZqI7BszoNxf1Xl6iYRZNe-GO0yM,7784 ,Mar 2021,1RNCQNNf8L6C28UcoHB0aHNiShNjQXQ2X,0
1G-imC8c1IhNxHgKKZqI7BszoNxf1Xl6iYRZNe-GO0yM,7784 ,Apr 2021,1RNCQNNf8L6C28UcoHB0aHNiShNjQXQ2X,0
1G-imC8c1IhNxHgKKZqI7BszoNxf1Xl6iYRZNe-GO0yM,7784 ,May 2021,1RNCQNNf8L6C28UcoHB0aHNiShNjQXQ2X,0
1G-imC8c1IhNxHgKKZqI7BszoNxf1Xl6iYRZNe-GO0yM,7784 ,Jun 2021,1RNCQNNf8L6C28UcoHB0aHNiShNjQXQ2X,0
1G-imC8c1IhNxHgKKZqI7BszoNxf1Xl6iYRZNe-GO0yM,7784 ,Jul 2021,1RNCQNNf8L6C28UcoHB0aHNiShNjQXQ2X,0
1G-imC8c1IhNxHgKKZqI7BszoNxf1Xl6iYRZNe-GO0yM,7784 ,Aug 2021,1RNCQNNf8L6C28UcoHB0aHNiShNjQXQ2X,0
1G-imC8c1IhNxHgKKZqI7BszoNxf1Xl6iYRZNe-GO0yM,7784 ,Sep 2021,1RNCQNNf8L6C28UcoHB0aHNiShNjQXQ2X,0
1G-imC8c1IhNxHgKKZqI7BszoNxf1Xl6iYRZNe-GO0yM,7784 ,Oct 2021,1RNCQNNf8L6C28UcoHB0aHNiShNjQXQ2X,0
1G-imC8c1IhNxHgKKZqI7BszoNxf1Xl6iYRZNe-GO0yM,7784 ,Nov 2021,1RNCQNNf8L6C28UcoHB0aHNiShNjQXQ2X,0
1G-imC8c1IhNxHgKKZqI7BszoNxf1Xl6iYRZNe-GO0yM,7784 ,Dec 2021,1RNCQNNf8L6C28UcoHB0aHNiShNjQXQ2X,0
1JeltlgOyfhUmQY4pc3adec32_vjcRfyJuoNb_-jazGE,9629 ,Jan 2021,1RNCQNNf8L6C28UcoHB0aHNiShNjQXQ2X,409.32
1JeltlgOyfhUmQY4pc3adec32_vjcRfyJuoNb_-jazGE,9629 ,Feb 2021,1RNCQNNf8L6C28UcoHB0aHNiShNjQXQ2X,409.32
1JeltlgOyfhUmQY4pc3adec32_vjcRfyJuoNb_-jazGE,9629 ,Mar 2021,1RNCQNNf8L6C28UcoHB0aHNiShNjQXQ2X,409.32
1JeltlgOyfhUmQY4pc3adec32_vjcRfyJuoNb_-jazGE,9629 ,Apr 2021,1RNCQNNf8L6C28UcoHB0aHNiShNjQXQ2X,409.32
1JeltlgOyfhUmQY4pc3adec32_vjcRfyJuoNb_-jazGE,9629 ,May 2021,1RNCQNNf8L6C28UcoHB0aHNiShNjQXQ2X,409.32
1JeltlgOyfhUmQY4pc3adec32_vjcRfyJuoNb_-jazGE,9629 ,Jun 2021,1RNCQNNf8L6C28UcoHB0aHNiShNjQXQ2X,409.32
1JeltlgOyfhUmQY4pc3adec32_vjcRfyJuoNb_-jazGE,9629 ,Jul 2021,1RNCQNNf8L6C28UcoHB0aHNiShNjQXQ2X,409.32
1JeltlgOyfhUmQY4pc3adec32_vjcRfyJuoNb_-jazGE,9629 ,Aug 2021,1RNCQNNf8L6C28UcoHB0aHNiShNjQXQ2X,409.32
1JeltlgOyfhUmQY4pc3adec32_vjcRfyJuoNb_-jazGE,9629 ,Sep 2021,1RNCQNNf8L6C28UcoHB0aHNiShNjQXQ2X,409.32
1JeltlgOyfhUmQY4pc3adec32_vjcRfyJuoNb_-jazGE,9629 ,Oct 2021,1RNCQNNf8L6C28UcoHB0aHNiShNjQXQ2X,409.32
1JeltlgOyfhUmQY4pc3adec32_vjcRfyJuoNb_-jazGE,9629 ,Nov 2021,1RNCQNNf8L6C28UcoHB0aHNiShNjQXQ2X,409.32
1JeltlgOyfhUmQY4pc3adec32_vjcRfyJuoNb_-jazGE,9629 ,Dec 2021,1RNCQNNf8L6C28UcoHB0aHNiShNjQXQ2X,409.32
1jCrdXxh1GqQ-f5VBg6feWNlaECR2oGKSkWbQWIBZlzI,6798 ,Jan 2021,1RNCQNNf8L6C28UcoHB0aHNiShNjQXQ2X,954.12
1jCrdXxh1GqQ-f5VBg6feWNlaECR2oGKSkWbQWIBZlzI,6798 ,Feb 2021,1RNCQNNf8L6C28UcoHB0aHNiShNjQXQ2X,954.12
1jCrdXxh1GqQ-f5VBg6feWNlaECR2oGKSkWbQWIBZlzI,6798 ,Mar 2021,1RNCQNNf8L6C28UcoHB0aHNiShNjQXQ2X,954.12
1jCrdXxh1GqQ-f5VBg6feWNlaECR2oGKSkWbQWIBZlzI,6798 ,Apr 2021,1RNCQNNf8L6C28UcoHB0aHNiShNjQXQ2X,954.12
1jCrdXxh1GqQ-f5VBg6feWNlaECR2oGKSkWbQWIBZlzI,6798 ,May 2021,1RNCQNNf8L6C28UcoHB0aHNiShNjQXQ2X,954.12
1jCrdXxh1GqQ-f5VBg6feWNlaECR2oGKSkWbQWIBZlzI,6798 ,Jun 2021,1RNCQNNf8L6C28UcoHB0aHNiShNjQXQ2X,954.12
1jCrdXxh1GqQ-f5VBg6feWNlaECR2oGKSkWbQWIBZlzI,6798 ,Jul 2021,1RNCQNNf8L6C28UcoHB0aHNiShNjQXQ2X,954.12
1jCrdXxh1GqQ-f5VBg6feWNlaECR2oGKSkWbQWIBZlzI,6798 ,Aug 2021,1RNCQNNf8L6C28UcoHB0aHNiShNjQXQ2X,954.12
1jCrdXxh1GqQ-f5VBg6feWNlaECR2oGKSkWbQWIBZlzI,6798 ,Sep 2021,1RNCQNNf8L6C28UcoHB0aHNiShNjQXQ2X,954.12
1jCrdXxh1GqQ-f5VBg6feWNlaECR2oGKSkWbQWIBZlzI,6798 ,Oct 2021,1RNCQNNf8L6C28UcoHB0aHNiShNjQXQ2X,954.12
1jCrdXxh1GqQ-f5VBg6feWNlaECR2oGKSkWbQWIBZlzI,6798 ,Nov 2021,1RNCQNNf8L6C28UcoHB0aHNiShNjQXQ2X,954.12
1jCrdXxh1GqQ-f5VBg6feWNlaECR2oGKSkWbQWIBZlzI,6798 ,Dec 2021,1RNCQNNf8L6C28UcoHB0aHNiShNjQXQ2X,954.12
1ayUqX7McXhc3awCvDwAP_0GVG_CFCknCDrrQ6MNGnjQ,0500 ,Jan 2021,1RNCQNNf8L6C28UcoHB0aHNiShNjQXQ2X,0
1ayUqX7McXhc3awCvDwAP_0GVG_CFCknCDrrQ6MNGnjQ,0500 ,Feb 2021,1RNCQNNf8L6C28UcoHB0aHNiShNjQXQ2X,0
1ayUqX7McXhc3awCvDwAP_0GVG_CFCknCDrrQ6MNGnjQ,0500 ,Mar 2021,1RNCQNNf8L6C28UcoHB0aHNiShNjQXQ2X,0
1ayUqX7McXhc3awCvDwAP_0GVG_CFCknCDrrQ6MNGnjQ,0500 ,Apr 2021,1RNCQNNf8L6C28UcoHB0aHNiShNjQXQ2X,0
1ayUqX7McXhc3awCvDwAP_0GVG_CFCknCDrrQ6MNGnjQ,0500 ,May 2021,1RNCQNNf8L6C28UcoHB0aHNiShNjQXQ2X,0
1ayUqX7McXhc3awCvDwAP_0GVG_CFCknCDrrQ6MNGnjQ,0500 ,Jun 2021,1RNCQNNf8L6C28UcoHB0aHNiShNjQXQ2X,0
1ayUqX7McXhc3awCvDwAP_0GVG_CFCknCDrrQ6MNGnjQ,0500 ,Jul 2021,1RNCQNNf8L6C28UcoHB0aHNiShNjQXQ2X,0
1ayUqX7McXhc3awCvDwAP_0GVG_CFCknCDrrQ6MNGnjQ,0500 ,Aug 2021,1RNCQNNf8L6C28UcoHB0aHNiShNjQXQ2X,0
1ayUqX7McXhc3awCvDwAP_0GVG_CFCknCDrrQ6MNGnjQ,0500 ,Sep 2021,1RNCQNNf8L6C28UcoHB0aHNiShNjQXQ2X,0
1ayUqX7McXhc3awCvDwAP_0GVG_CFCknCDrrQ6MNGnjQ,0500 ,Oct 2021,1RNCQNNf8L6C28UcoHB0aHNiShNjQXQ2X,0
1ayUqX7McXhc3awCvDwAP_0GVG_CFCknCDrrQ6MNGnjQ,0500 ,Nov 2021,1RNCQNNf8L6C28UcoHB0aHNiShNjQXQ2X,0
1ayUqX7McXhc3awCvDwAP_0GVG_CFCknCDrrQ6MNGnjQ,0500 ,Dec 2021,1RNCQNNf8L6C28UcoHB0aHNiShNjQXQ2X,0
13IZOjNbPx6zS_GQRcgUkUe_Dmbt1obmI_g6IisU1zf8,6280 ,Jan 2021,1RNCQNNf8L6C28UcoHB0aHNiShNjQXQ2X,0
13IZOjNbPx6zS_GQRcgUkUe_Dmbt1obmI_g6IisU1zf8,6280 ,Feb 2021,1RNCQNNf8L6C28UcoHB0aHNiShNjQXQ2X,0
13IZOjNbPx6zS_GQRcgUkUe_Dmbt1obmI_g6IisU1zf8,6280 ,Mar 2021,1RNCQNNf8L6C28UcoHB0aHNiShNjQXQ2X,0
13IZOjNbPx6zS_GQRcgUkUe_Dmbt1obmI_g6IisU1zf8,6280 ,Apr 2021,1RNCQNNf8L6C28UcoHB0aHNiShNjQXQ2X,0
13IZOjNbPx6zS_GQRcgUkUe_Dmbt1obmI_g6IisU1zf8,6280 ,May 2021,1RNCQNNf8L6C28UcoHB0aHNiShNjQXQ2X,0
13IZOjNbPx6zS_GQRcgUkUe_Dmbt1obmI_g6IisU1zf8,6280 ,Jun 2021,1RNCQNNf8L6C28UcoHB0aHNiShNjQXQ2X,0
13IZOjNbPx6zS_GQRcgUkUe_Dmbt1obmI_g6IisU1zf8,6280 ,Jul 2021,1RNCQNNf8L6C28UcoHB0aHNiShNjQXQ2X,0
13IZOjNbPx6zS_GQRcgUkUe_Dmbt1obmI_g6IisU1zf8,6280 ,Aug 2021,1RNCQNNf8L6C28UcoHB0aHNiShNjQXQ2X,0
13IZOjNbPx6zS_GQRcgUkUe_Dmbt1obmI_g6IisU1zf8,6280 ,Sep 2021,1RNCQNNf8L6C28UcoHB0aHNiShNjQXQ2X,0
13IZOjNbPx6zS_GQRcgUkUe_Dmbt1obmI_g6IisU1zf8,6280 ,Oct 2021,1RNCQNNf8L6C28UcoHB0aHNiShNjQXQ2X,0
13IZOjNbPx6zS_GQRcgUkUe_Dmbt1obmI_g6IisU1zf8,6280 ,Nov 2021,1RNCQNNf8L6C28UcoHB0aHNiShNjQXQ2X,0
13IZOjNbPx6zS_GQRcgUkUe_Dmbt1obmI_g6IisU1zf8,6280 ,Dec 2021,1RNCQNNf8L6C28UcoHB0aHNiShNjQXQ2X,0
1VmYFj3NS05xgouVTGigoF31Q7XhSj1GBqVvjPIXr6Eo,6394 ,Jan 2021,1RNCQNNf8L6C28UcoHB0aHNiShNjQXQ2X,0
1VmYFj3NS05xgouVTGigoF31Q7XhSj1GBqVvjPIXr6Eo,6394 ,Feb 2021,1RNCQNNf8L6C28UcoHB0aHNiShNjQXQ2X,0
1VmYFj3NS05xgouVTGigoF31Q7XhSj1GBqVvjPIXr6Eo,6394 ,Mar 2021,1RNCQNNf8L6C28UcoHB0aHNiShNjQXQ2X,0
1VmYFj3NS05xgouVTGigoF31Q7XhSj1GBqVvjPIXr6Eo,6394 ,Apr 2021,1RNCQNNf8L6C28UcoHB0aHNiShNjQXQ2X,0
1VmYFj3NS05xgouVTGigoF31Q7XhSj1GBqVvjPIXr6Eo,6394 ,May 2021,1RNCQNNf8L6C28UcoHB0aHNiShNjQXQ2X,0
1VmYFj3NS05xgouVTGigoF31Q7XhSj1GBqVvjPIXr6Eo,6394 ,Jun 2021,1RNCQNNf8L6C28UcoHB0aHNiShNjQXQ2X,0
1VmYFj3NS05xgouVTGigoF31Q7XhSj1GBqVvjPIXr6Eo,6394 ,Jul 2021,1RNCQNNf8L6C28UcoHB0aHNiShNjQXQ2X,0
1VmYFj3NS05xgouVTGigoF31Q7XhSj1GBqVvjPIXr6Eo,6394 ,Aug 2021,1RNCQNNf8L6C28UcoHB0aHNiShNjQXQ2X,0
1VmYFj3NS05xgouVTGigoF31Q7XhSj1GBqVvjPIXr6Eo,6394 ,Sep 2021,1RNCQNNf8L6C28UcoHB0aHNiShNjQXQ2X,0
1VmYFj3NS05xgouVTGigoF31Q7XhSj1GBqVvjPIXr6Eo,6394 ,Oct 2021,1RNCQNNf8L6C28UcoHB0aHNiShNjQXQ2X,0
1VmYFj3NS05xgouVTGigoF31Q7XhSj1GBqVvjPIXr6Eo,6394 ,Nov 2021,1RNCQNNf8L6C28UcoHB0aHNiShNjQXQ2X,0
1VmYFj3NS05xgouVTGigoF31Q7XhSj1GBqVvjPIXr6Eo,6394 ,Dec 2021,1RNCQNNf8L6C28UcoHB0aHNiShNjQXQ2X,0
1Vg2KkoBj_7iQyGvZbzEkN4l3Op87uIb8M2NLJjOdMFQ,3180 ,Jan 2021,1RNCQNNf8L6C28UcoHB0aHNiShNjQXQ2X,1158.6
1Vg2KkoBj_7iQyGvZbzEkN4l3Op87uIb8M2NLJjOdMFQ,3180 ,Feb 2021,1RNCQNNf8L6C28UcoHB0aHNiShNjQXQ2X,1158.6
1Vg2KkoBj_7iQyGvZbzEkN4l3Op87uIb8M2NLJjOdMFQ,3180 ,Mar 2021,1RNCQNNf8L6C28UcoHB0aHNiShNjQXQ2X,1158.6
1Vg2KkoBj_7iQyGvZbzEkN4l3Op87uIb8M2NLJjOdMFQ,3180 ,Apr 2021,1RNCQNNf8L6C28UcoHB0aHNiShNjQXQ2X,1158.6
1Vg2KkoBj_7iQyGvZbzEkN4l3Op87uIb8M2NLJjOdMFQ,3180 ,May 2021,1RNCQNNf8L6C28UcoHB0aHNiShNjQXQ2X,1158.6
1Vg2KkoBj_7iQyGvZbzEkN4l3Op87uIb8M2NLJjOdMFQ,3180 ,Jun 2021,1RNCQNNf8L6C28UcoHB0aHNiShNjQXQ2X,1158.6
1Vg2KkoBj_7iQyGvZbzEkN4l3Op87uIb8M2NLJjOdMFQ,3180 ,Jul 2021,1RNCQNNf8L6C28UcoHB0aHNiShNjQXQ2X,1158.6
1Vg2KkoBj_7iQyGvZbzEkN4l3Op87uIb8M2NLJjOdMFQ,3180 ,Aug 2021,1RNCQNNf8L6C28UcoHB0aHNiShNjQXQ2X,1158.6
1Vg2KkoBj_7iQyGvZbzEkN4l3Op87uIb8M2NLJjOdMFQ,3180 ,Sep 2021,1RNCQNNf8L6C28UcoHB0aHNiShNjQXQ2X,1158.6
1Vg2KkoBj_7iQyGvZbzEkN4l3Op87uIb8M2NLJjOdMFQ,3180 ,Oct 2021,1RNCQNNf8L6C28UcoHB0aHNiShNjQXQ2X,1158.6
1Vg2KkoBj_7iQyGvZbzEkN4l3Op87uIb8M2NLJjOdMFQ,3180 ,Nov 2021,1RNCQNNf8L6C28UcoHB0aHNiShNjQXQ2X,1158.6
1Vg2KkoBj_7iQyGvZbzEkN4l3Op87uIb8M2NLJjOdMFQ,3180 ,Dec 2021,1RNCQNNf8L6C28UcoHB0aHNiShNjQXQ2X,1158.6
1kbBjHd8UKq0IGyDvXkROlGI18F0wKNPFOK7AKxwvnhY,3603 ,Jan 2021,1RNCQNNf8L6C28UcoHB0aHNiShNjQXQ2X,1830.05
1kbBjHd8UKq0IGyDvXkROlGI18F0wKNPFOK7AKxwvnhY,3603 ,Feb 2021,1RNCQNNf8L6C28UcoHB0aHNiShNjQXQ2X,1830.05
1kbBjHd8UKq0IGyDvXkROlGI18F0wKNPFOK7AKxwvnhY,3603 ,Mar 2021,1RNCQNNf8L6C28UcoHB0aHNiShNjQXQ2X,1830.05
1kbBjHd8UKq0IGyDvXkROlGI18F0wKNPFOK7AKxwvnhY,3603 ,Apr 2021,1RNCQNNf8L6C28UcoHB0aHNiShNjQXQ2X,1830.05
1kbBjHd8UKq0IGyDvXkROlGI18F0wKNPFOK7AKxwvnhY,3603 ,May 2021,1RNCQNNf8L6C28UcoHB0aHNiShNjQXQ2X,1830.05
1kbBjHd8UKq0IGyDvXkROlGI18F0wKNPFOK7AKxwvnhY,3603 ,Jun 2021,1RNCQNNf8L6C28UcoHB0aHNiShNjQXQ2X,1830.05
1kbBjHd8UKq0IGyDvXkROlGI18F0wKNPFOK7AKxwvnhY,3603 ,Jul 2021,1RNCQNNf8L6C28UcoHB0aHNiShNjQXQ2X,1830.05
1kbBjHd8UKq0IGyDvXkROlGI18F0wKNPFOK7AKxwvnhY,3603 ,Aug 2021,1RNCQNNf8L6C28UcoHB0aHNiShNjQXQ2X,1830.05
1kbBjHd8UKq0IGyDvXkROlGI18F0wKNPFOK7AKxwvnhY,3603 ,Sep 2021,1RNCQNNf8L6C28UcoHB0aHNiShNjQXQ2X,1830.05
1kbBjHd8UKq0IGyDvXkROlGI18F0wKNPFOK7AKxwvnhY,3603 ,Oct 2021,1RNCQNNf8L6C28UcoHB0aHNiShNjQXQ2X,1830.05
1kbBjHd8UKq0IGyDvXkROlGI18F0wKNPFOK7AKxwvnhY,3603 ,Nov 2021,1RNCQNNf8L6C28UcoHB0aHNiShNjQXQ2X,1830.05
1kbBjHd8UKq0IGyDvXkROlGI18F0wKNPFOK7AKxwvnhY,3603 ,Dec 2021,1RNCQNNf8L6C28UcoHB0aHNiShNjQXQ2X,1830.05
1AXw2BunOj-dJnFgD0w4M_P0p_3oPJwj4-IVnG91l9gU,2770 ,Jan 2021,1RNCQNNf8L6C28UcoHB0aHNiShNjQXQ2X,0
1AXw2BunOj-dJnFgD0w4M_P0p_3oPJwj4-IVnG91l9gU,2770 ,Feb 2021,1RNCQNNf8L6C28UcoHB0aHNiShNjQXQ2X,0
1AXw2BunOj-dJnFgD0w4M_P0p_3oPJwj4-IVnG91l9gU,2770 ,Mar 2021,1RNCQNNf8L6C28UcoHB0aHNiShNjQXQ2X,0
1AXw2BunOj-dJnFgD0w4M_P0p_3oPJwj4-IVnG91l9gU,2770 ,Apr 2021,1RNCQNNf8L6C28UcoHB0aHNiShNjQXQ2X,0
1AXw2BunOj-dJnFgD0w4M_P0p_3oPJwj4-IVnG91l9gU,2770 ,May 2021,1RNCQNNf8L6C28UcoHB0aHNiShNjQXQ2X,0
1AXw2BunOj-dJnFgD0w4M_P0p_3oPJwj4-IVnG91l9gU,2770 ,Jun 2021,1RNCQNNf8L6C28UcoHB0aHNiShNjQXQ2X,0
1AXw2BunOj-dJnFgD0w4M_P0p_3oPJwj4-IVnG91l9gU,2770 ,Jul 2021,1RNCQNNf8L6C28UcoHB0aHNiShNjQXQ2X,0
1AXw2BunOj-dJnFgD0w4M_P0p_3oPJwj4-IVnG91l9gU,2770 ,Aug 2021,1RNCQNNf8L6C28UcoHB0aHNiShNjQXQ2X,0
1AXw2BunOj-dJnFgD0w4M_P0p_3oPJwj4-IVnG91l9gU,2770 ,Sep 2021,1RNCQNNf8L6C28UcoHB0aHNiShNjQXQ2X,0
1AXw2BunOj-dJnFgD0w4M_P0p_3oPJwj4-IVnG91l9gU,2770 ,Oct 2021,1RNCQNNf8L6C28UcoHB0aHNiShNjQXQ2X,0
1AXw2BunOj-dJnFgD0w4M_P0p_3oPJwj4-IVnG91l9gU,2770 ,Nov 2021,1RNCQNNf8L6C28UcoHB0aHNiShNjQXQ2X,0
1AXw2BunOj-dJnFgD0w4M_P0p_3oPJwj4-IVnG91l9gU,2770 ,Dec 2021,1RNCQNNf8L6C28UcoHB0aHNiShNjQXQ2X,0
1AqE3ECN01-sHZMdRGTtUv5Q1quD-SBwT1OQ62ywgOUY,1835 ,Jan 2021,1RNCQNNf8L6C28UcoHB0aHNiShNjQXQ2X,0
1AqE3ECN01-sHZMdRGTtUv5Q1quD-SBwT1OQ62ywgOUY,1835 ,Feb 2021,1RNCQNNf8L6C28UcoHB0aHNiShNjQXQ2X,0
1AqE3ECN01-sHZMdRGTtUv5Q1quD-SBwT1OQ62ywgOUY,1835 ,Mar 2021,1RNCQNNf8L6C28UcoHB0aHNiShNjQXQ2X,0
1AqE3ECN01-sHZMdRGTtUv5Q1quD-SBwT1OQ62ywgOUY,1835 ,Apr 2021,1RNCQNNf8L6C28UcoHB0aHNiShNjQXQ2X,0
1AqE3ECN01-sHZMdRGTtUv5Q1quD-SBwT1OQ62ywgOUY,1835 ,May 2021,1RNCQNNf8L6C28UcoHB0aHNiShNjQXQ2X,0
1AqE3ECN01-sHZMdRGTtUv5Q1quD-SBwT1OQ62ywgOUY,1835 ,Jun 2021,1RNCQNNf8L6C28UcoHB0aHNiShNjQXQ2X,0
1AqE3ECN01-sHZMdRGTtUv5Q1quD-SBwT1OQ62ywgOUY,1835 ,Jul 2021,1RNCQNNf8L6C28UcoHB0aHNiShNjQXQ2X,0
1AqE3ECN01-sHZMdRGTtUv5Q1quD-SBwT1OQ62ywgOUY,1835 ,Aug 2021,1RNCQNNf8L6C28UcoHB0aHNiShNjQXQ2X,0
1AqE3ECN01-sHZMdRGTtUv5Q1quD-SBwT1OQ62ywgOUY,1835 ,Sep 2021,1RNCQNNf8L6C28UcoHB0aHNiShNjQXQ2X,0
1AqE3ECN01-sHZMdRGTtUv5Q1quD-SBwT1OQ62ywgOUY,1835 ,Oct 2021,1RNCQNNf8L6C28UcoHB0aHNiShNjQXQ2X,0
1AqE3ECN01-sHZMdRGTtUv5Q1quD-SBwT1OQ62ywgOUY,1835 ,Nov 2021,1RNCQNNf8L6C28UcoHB0aHNiShNjQXQ2X,0
1AqE3ECN01-sHZMdRGTtUv5Q1quD-SBwT1OQ62ywgOUY,1835 ,Dec 2021,1RNCQNNf8L6C28UcoHB0aHNiShNjQXQ2X,0
1HQ6pmEPXvYhL1tEP_moABwy5oVoNxIiR7RhlJEtWzQQ,0105 ,Jan 2021,1RNCQNNf8L6C28UcoHB0aHNiShNjQXQ2X,0
1HQ6pmEPXvYhL1tEP_moABwy5oVoNxIiR7RhlJEtWzQQ,0105 ,Feb 2021,1RNCQNNf8L6C28UcoHB0aHNiShNjQXQ2X,0
1HQ6pmEPXvYhL1tEP_moABwy5oVoNxIiR7RhlJEtWzQQ,0105 ,Mar 2021,1RNCQNNf8L6C28UcoHB0aHNiShNjQXQ2X,0
1HQ6pmEPXvYhL1tEP_moABwy5oVoNxIiR7RhlJEtWzQQ,0105 ,Apr 2021,1RNCQNNf8L6C28UcoHB0aHNiShNjQXQ2X,0
1HQ6pmEPXvYhL1tEP_moABwy5oVoNxIiR7RhlJEtWzQQ,0105 ,May 2021,1RNCQNNf8L6C28UcoHB0aHNiShNjQXQ2X,0
1HQ6pmEPXvYhL1tEP_moABwy5oVoNxIiR7RhlJEtWzQQ,0105 ,Jun 2021,1RNCQNNf8L6C28UcoHB0aHNiShNjQXQ2X,0
1HQ6pmEPXvYhL1tEP_moABwy5oVoNxIiR7RhlJEtWzQQ,0105 ,Jul 2021,1RNCQNNf8L6C28UcoHB0aHNiShNjQXQ2X,0
1HQ6pmEPXvYhL1tEP_moABwy5oVoNxIiR7RhlJEtWzQQ,0105 ,Aug 2021,1RNCQNNf8L6C28UcoHB0aHNiShNjQXQ2X,0
1HQ6pmEPXvYhL1tEP_moABwy5oVoNxIiR7RhlJEtWzQQ,0105 ,Sep 2021,1RNCQNNf8L6C28UcoHB0aHNiShNjQXQ2X,0
1HQ6pmEPXvYhL1tEP_moABwy5oVoNxIiR7RhlJEtWzQQ,0105 ,Oct 2021,1RNCQNNf8L6C28UcoHB0aHNiShNjQXQ2X,0
1HQ6pmEPXvYhL1tEP_moABwy5oVoNxIiR7RhlJEtWzQQ,0105 ,Nov 2021,1RNCQNNf8L6C28UcoHB0aHNiShNjQXQ2X,0
1HQ6pmEPXvYhL1tEP_moABwy5oVoNxIiR7RhlJEtWzQQ,0105 ,Dec 2021,1RNCQNNf8L6C28UcoHB0aHNiShNjQXQ2X,0
1gsvmvobaxjE5aCnYpq0vcuHHSZTISe6KswrScncAFew,0525 ,Jan 2021,1RNCQNNf8L6C28UcoHB0aHNiShNjQXQ2X,211
1gsvmvobaxjE5aCnYpq0vcuHHSZTISe6KswrScncAFew,0525 ,Feb 2021,1RNCQNNf8L6C28UcoHB0aHNiShNjQXQ2X,211
1gsvmvobaxjE5aCnYpq0vcuHHSZTISe6KswrScncAFew,0525 ,Mar 2021,1RNCQNNf8L6C28UcoHB0aHNiShNjQXQ2X,211
1gsvmvobaxjE5aCnYpq0vcuHHSZTISe6KswrScncAFew,0525 ,Apr 2021,1RNCQNNf8L6C28UcoHB0aHNiShNjQXQ2X,211
1gsvmvobaxjE5aCnYpq0vcuHHSZTISe6KswrScncAFew,0525 ,May 2021,1RNCQNNf8L6C28UcoHB0aHNiShNjQXQ2X,211
1gsvmvobaxjE5aCnYpq0vcuHHSZTISe6KswrScncAFew,0525 ,Jun 2021,1RNCQNNf8L6C28UcoHB0aHNiShNjQXQ2X,211
1gsvmvobaxjE5aCnYpq0vcuHHSZTISe6KswrScncAFew,0525 ,Jul 2021,1RNCQNNf8L6C28UcoHB0aHNiShNjQXQ2X,211
1gsvmvobaxjE5aCnYpq0vcuHHSZTISe6KswrScncAFew,0525 ,Aug 2021,1RNCQNNf8L6C28UcoHB0aHNiShNjQXQ2X,211
1gsvmvobaxjE5aCnYpq0vcuHHSZTISe6KswrScncAFew,0525 ,Sep 2021,1RNCQNNf8L6C28UcoHB0aHNiShNjQXQ2X,211
1gsvmvobaxjE5aCnYpq0vcuHHSZTISe6KswrScncAFew,0525 ,Oct 2021,1RNCQNNf8L6C28UcoHB0aHNiShNjQXQ2X,211
1gsvmvobaxjE5aCnYpq0vcuHHSZTISe6KswrScncAFew,0525 ,Nov 2021,1RNCQNNf8L6C28UcoHB0aHNiShNjQXQ2X,211
1gsvmvobaxjE5aCnYpq0vcuHHSZTISe6KswrScncAFew,0525 ,Dec 2021,1RNCQNNf8L6C28UcoHB0aHNiShNjQXQ2X,211
1HhWQJEjCGhwhWHeeerHwimJHNnvULE-nsGcwjjuxQ6s,2260 ,Jan 2021,1RNCQNNf8L6C28UcoHB0aHNiShNjQXQ2X,637.63
1HhWQJEjCGhwhWHeeerHwimJHNnvULE-nsGcwjjuxQ6s,2260 ,Feb 2021,1RNCQNNf8L6C28UcoHB0aHNiShNjQXQ2X,637.63
1HhWQJEjCGhwhWHeeerHwimJHNnvULE-nsGcwjjuxQ6s,2260 ,Mar 2021,1RNCQNNf8L6C28UcoHB0aHNiShNjQXQ2X,637.63
1HhWQJEjCGhwhWHeeerHwimJHNnvULE-nsGcwjjuxQ6s,2260 ,Apr 2021,1RNCQNNf8L6C28UcoHB0aHNiShNjQXQ2X,637.63
1HhWQJEjCGhwhWHeeerHwimJHNnvULE-nsGcwjjuxQ6s,2260 ,May 2021,1RNCQNNf8L6C28UcoHB0aHNiShNjQXQ2X,637.63
1HhWQJEjCGhwhWHeeerHwimJHNnvULE-nsGcwjjuxQ6s,2260 ,Jun 2021,1RNCQNNf8L6C28UcoHB0aHNiShNjQXQ2X,637.63
1HhWQJEjCGhwhWHeeerHwimJHNnvULE-nsGcwjjuxQ6s,2260 ,Jul 2021,1RNCQNNf8L6C28UcoHB0aHNiShNjQXQ2X,637.63
1HhWQJEjCGhwhWHeeerHwimJHNnvULE-nsGcwjjuxQ6s,2260 ,Aug 2021,1RNCQNNf8L6C28UcoHB0aHNiShNjQXQ2X,637.63
1HhWQJEjCGhwhWHeeerHwimJHNnvULE-nsGcwjjuxQ6s,2260 ,Sep 2021,1RNCQNNf8L6C28UcoHB0aHNiShNjQXQ2X,637.63
1HhWQJEjCGhwhWHeeerHwimJHNnvULE-nsGcwjjuxQ6s,2260 ,Oct 2021,1RNCQNNf8L6C28UcoHB0aHNiShNjQXQ2X,637.63
1HhWQJEjCGhwhWHeeerHwimJHNnvULE-nsGcwjjuxQ6s,2260 ,Nov 2021,1RNCQNNf8L6C28UcoHB0aHNiShNjQXQ2X,637.63
1HhWQJEjCGhwhWHeeerHwimJHNnvULE-nsGcwjjuxQ6s,2260 ,Dec 2021,1RNCQNNf8L6C28UcoHB0aHNiShNjQXQ2X,637.63
1cG7H-Tn8jz_3P8FKefPerbDLpFJmnU8lEfeV7eRr1dM,7394 ,Jan 2021,1RNCQNNf8L6C28UcoHB0aHNiShNjQXQ2X,1369.84
1cG7H-Tn8jz_3P8FKefPerbDLpFJmnU8lEfeV7eRr1dM,7394 ,Feb 2021,1RNCQNNf8L6C28UcoHB0aHNiShNjQXQ2X,1369.84
1cG7H-Tn8jz_3P8FKefPerbDLpFJmnU8lEfeV7eRr1dM,7394 ,Mar 2021,1RNCQNNf8L6C28UcoHB0aHNiShNjQXQ2X,1369.84
1cG7H-Tn8jz_3P8FKefPerbDLpFJmnU8lEfeV7eRr1dM,7394 ,Apr 2021,1RNCQNNf8L6C28UcoHB0aHNiShNjQXQ2X,1369.84
1cG7H-Tn8jz_3P8FKefPerbDLpFJmnU8lEfeV7eRr1dM,7394 ,May 2021,1RNCQNNf8L6C28UcoHB0aHNiShNjQXQ2X,1369.84
1cG7H-Tn8jz_3P8FKefPerbDLpFJmnU8lEfeV7eRr1dM,7394 ,Jun 2021,1RNCQNNf8L6C28UcoHB0aHNiShNjQXQ2X,1369.84
1cG7H-Tn8jz_3P8FKefPerbDLpFJmnU8lEfeV7eRr1dM,7394 ,Jul 2021,1RNCQNNf8L6C28UcoHB0aHNiShNjQXQ2X,1369.84
1cG7H-Tn8jz_3P8FKefPerbDLpFJmnU8lEfeV7eRr1dM,7394 ,Aug 2021,1RNCQNNf8L6C28UcoHB0aHNiShNjQXQ2X,1369.84
1cG7H-Tn8jz_3P8FKefPerbDLpFJmnU8lEfeV7eRr1dM,7394 ,Sep 2021,1RNCQNNf8L6C28UcoHB0aHNiShNjQXQ2X,1369.84
1cG7H-Tn8jz_3P8FKefPerbDLpFJmnU8lEfeV7eRr1dM,7394 ,Oct 2021,1RNCQNNf8L6C28UcoHB0aHNiShNjQXQ2X,1369.84
1cG7H-Tn8jz_3P8FKefPerbDLpFJmnU8lEfeV7eRr1dM,7394 ,Nov 2021,1RNCQNNf8L6C28UcoHB0aHNiShNjQXQ2X,1369.84
1cG7H-Tn8jz_3P8FKefPerbDLpFJmnU8lEfeV7eRr1dM,7394 ,Dec 2021,1RNCQNNf8L6C28UcoHB0aHNiShNjQXQ2X,1369.84
1YUPThV0d4F7M3Q07PxH3B7kZlgKngL9SBQ6T59ohzVA,5472 ,Jan 2021,1RNCQNNf8L6C28UcoHB0aHNiShNjQXQ2X,66
1YUPThV0d4F7M3Q07PxH3B7kZlgKngL9SBQ6T59ohzVA,5472 ,Feb 2021,1RNCQNNf8L6C28UcoHB0aHNiShNjQXQ2X,66
1YUPThV0d4F7M3Q07PxH3B7kZlgKngL9SBQ6T59ohzVA,5472 ,Mar 2021,1RNCQNNf8L6C28UcoHB0aHNiShNjQXQ2X,66
1YUPThV0d4F7M3Q07PxH3B7kZlgKngL9SBQ6T59ohzVA,5472 ,Apr 2021,1RNCQNNf8L6C28UcoHB0aHNiShNjQXQ2X,66
1YUPThV0d4F7M3Q07PxH3B7kZlgKngL9SBQ6T59ohzVA,5472 ,May 2021,1RNCQNNf8L6C28UcoHB0aHNiShNjQXQ2X,66
1YUPThV0d4F7M3Q07PxH3B7kZlgKngL9SBQ6T59ohzVA,5472 ,Jun 2021,1RNCQNNf8L6C28UcoHB0aHNiShNjQXQ2X,66
1YUPThV0d4F7M3Q07PxH3B7kZlgKngL9SBQ6T59ohzVA,5472 ,Jul 2021,1RNCQNNf8L6C28UcoHB0aHNiShNjQXQ2X,66
1YUPThV0d4F7M3Q07PxH3B7kZlgKngL9SBQ6T59ohzVA,5472 ,Aug 2021,1RNCQNNf8L6C28UcoHB0aHNiShNjQXQ2X,66
1YUPThV0d4F7M3Q07PxH3B7kZlgKngL9SBQ6T59ohzVA,5472 ,Sep 2021,1RNCQNNf8L6C28UcoHB0aHNiShNjQXQ2X,66
1YUPThV0d4F7M3Q07PxH3B7kZlgKngL9SBQ6T59ohzVA,5472 ,Oct 2021,1RNCQNNf8L6C28UcoHB0aHNiShNjQXQ2X,66
1YUPThV0d4F7M3Q07PxH3B7kZlgKngL9SBQ6T59ohzVA,5472 ,Nov 2021,1RNCQNNf8L6C28UcoHB0aHNiShNjQXQ2X,66
1YUPThV0d4F7M3Q07PxH3B7kZlgKngL9SBQ6T59ohzVA,5472 ,Dec 2021,1RNCQNNf8L6C28UcoHB0aHNiShNjQXQ2X,66
1bVL82qfANqCoB-z5_jn8GyDDtsraPjF1FnY6g1jQ_bc,9164 ,Jan 2021,1RNCQNNf8L6C28UcoHB0aHNiShNjQXQ2X,1181.63
1bVL82qfANqCoB-z5_jn8GyDDtsraPjF1FnY6g1jQ_bc,9164 ,Feb 2021,1RNCQNNf8L6C28UcoHB0aHNiShNjQXQ2X,1181.63
1bVL82qfANqCoB-z5_jn8GyDDtsraPjF1FnY6g1jQ_bc,9164 ,Mar 2021,1RNCQNNf8L6C28UcoHB0aHNiShNjQXQ2X,1181.63
1bVL82qfANqCoB-z5_jn8GyDDtsraPjF1FnY6g1jQ_bc,9164 ,Apr 2021,1RNCQNNf8L6C28UcoHB0aHNiShNjQXQ2X,1181.63
1bVL82qfANqCoB-z5_jn8GyDDtsraPjF1FnY6g1jQ_bc,9164 ,May 2021,1RNCQNNf8L6C28UcoHB0aHNiShNjQXQ2X,1181.63
1bVL82qfANqCoB-z5_jn8GyDDtsraPjF1FnY6g1jQ_bc,9164 ,Jun 2021,1RNCQNNf8L6C28UcoHB0aHNiShNjQXQ2X,1181.63
1bVL82qfANqCoB-z5_jn8GyDDtsraPjF1FnY6g1jQ_bc,9164 ,Jul 2021,1RNCQNNf8L6C28UcoHB0aHNiShNjQXQ2X,1181.63
1bVL82qfANqCoB-z5_jn8GyDDtsraPjF1FnY6g1jQ_bc,9164 ,Aug 2021,1RNCQNNf8L6C28UcoHB0aHNiShNjQXQ2X,1181.63
1bVL82qfANqCoB-z5_jn8GyDDtsraPjF1FnY6g1jQ_bc,9164 ,Sep 2021,1RNCQNNf8L6C28UcoHB0aHNiShNjQXQ2X,1181.63
1bVL82qfANqCoB-z5_jn8GyDDtsraPjF1FnY6g1jQ_bc,9164 ,Oct 2021,1RNCQNNf8L6C28UcoHB0aHNiShNjQXQ2X,1181.63
1bVL82qfANqCoB-z5_jn8GyDDtsraPjF1FnY6g1jQ_bc,9164 ,Nov 2021,1RNCQNNf8L6C28UcoHB0aHNiShNjQXQ2X,1181.63
1bVL82qfANqCoB-z5_jn8GyDDtsraPjF1FnY6g1jQ_bc,9164 ,Dec 2021,1RNCQNNf8L6C28UcoHB0aHNiShNjQXQ2X,1181.63
1ToC0wM7an_IYgD1KHCb6X_hjgwncqb6vPk5yqVvKGew,0613 ,Jan 2021,1RNCQNNf8L6C28UcoHB0aHNiShNjQXQ2X,0
1ToC0wM7an_IYgD1KHCb6X_hjgwncqb6vPk5yqVvKGew,0613 ,Feb 2021,1RNCQNNf8L6C28UcoHB0aHNiShNjQXQ2X,0
1ToC0wM7an_IYgD1KHCb6X_hjgwncqb6vPk5yqVvKGew,0613 ,Mar 2021,1RNCQNNf8L6C28UcoHB0aHNiShNjQXQ2X,0
1ToC0wM7an_IYgD1KHCb6X_hjgwncqb6vPk5yqVvKGew,0613 ,Apr 2021,1RNCQNNf8L6C28UcoHB0aHNiShNjQXQ2X,0
1ToC0wM7an_IYgD1KHCb6X_hjgwncqb6vPk5yqVvKGew,0613 ,May 2021,1RNCQNNf8L6C28UcoHB0aHNiShNjQXQ2X,0
1ToC0wM7an_IYgD1KHCb6X_hjgwncqb6vPk5yqVvKGew,0613 ,Jun 2021,1RNCQNNf8L6C28UcoHB0aHNiShNjQXQ2X,0
1ToC0wM7an_IYgD1KHCb6X_hjgwncqb6vPk5yqVvKGew,0613 ,Jul 2021,1RNCQNNf8L6C28UcoHB0aHNiShNjQXQ2X,0
1ToC0wM7an_IYgD1KHCb6X_hjgwncqb6vPk5yqVvKGew,0613 ,Aug 2021,1RNCQNNf8L6C28UcoHB0aHNiShNjQXQ2X,0
1ToC0wM7an_IYgD1KHCb6X_hjgwncqb6vPk5yqVvKGew,0613 ,Sep 2021,1RNCQNNf8L6C28UcoHB0aHNiShNjQXQ2X,0
1ToC0wM7an_IYgD1KHCb6X_hjgwncqb6vPk5yqVvKGew,0613 ,Oct 2021,1RNCQNNf8L6C28UcoHB0aHNiShNjQXQ2X,0
1ToC0wM7an_IYgD1KHCb6X_hjgwncqb6vPk5yqVvKGew,0613 ,Nov 2021,1RNCQNNf8L6C28UcoHB0aHNiShNjQXQ2X,0
1ToC0wM7an_IYgD1KHCb6X_hjgwncqb6vPk5yqVvKGew,0613 ,Dec 2021,1RNCQNNf8L6C28UcoHB0aHNiShNjQXQ2X,0
1Hvod5qz2XPD2u10Qcs6nsoJdglHqGycffJkvweEEwJE,7543 ,Jan 2021,1RNCQNNf8L6C28UcoHB0aHNiShNjQXQ2X,0
1Hvod5qz2XPD2u10Qcs6nsoJdglHqGycffJkvweEEwJE,7543 ,Feb 2021,1RNCQNNf8L6C28UcoHB0aHNiShNjQXQ2X,0
1Hvod5qz2XPD2u10Qcs6nsoJdglHqGycffJkvweEEwJE,7543 ,Mar 2021,1RNCQNNf8L6C28UcoHB0aHNiShNjQXQ2X,0
1Hvod5qz2XPD2u10Qcs6nsoJdglHqGycffJkvweEEwJE,7543 ,Apr 2021,1RNCQNNf8L6C28UcoHB0aHNiShNjQXQ2X,0
1Hvod5qz2XPD2u10Qcs6nsoJdglHqGycffJkvweEEwJE,7543 ,May 2021,1RNCQNNf8L6C28UcoHB0aHNiShNjQXQ2X,0
1Hvod5qz2XPD2u10Qcs6nsoJdglHqGycffJkvweEEwJE,7543 ,Jun 2021,1RNCQNNf8L6C28UcoHB0aHNiShNjQXQ2X,0
1Hvod5qz2XPD2u10Qcs6nsoJdglHqGycffJkvweEEwJE,7543 ,Jul 2021,1RNCQNNf8L6C28UcoHB0aHNiShNjQXQ2X,0
1Hvod5qz2XPD2u10Qcs6nsoJdglHqGycffJkvweEEwJE,7543 ,Aug 2021,1RNCQNNf8L6C28UcoHB0aHNiShNjQXQ2X,0
1Hvod5qz2XPD2u10Qcs6nsoJdglHqGycffJkvweEEwJE,7543 ,Sep 2021,1RNCQNNf8L6C28UcoHB0aHNiShNjQXQ2X,0
1Hvod5qz2XPD2u10Qcs6nsoJdglHqGycffJkvweEEwJE,7543 ,Oct 2021,1RNCQNNf8L6C28UcoHB0aHNiShNjQXQ2X,0
1Hvod5qz2XPD2u10Qcs6nsoJdglHqGycffJkvweEEwJE,7543 ,Nov 2021,1RNCQNNf8L6C28UcoHB0aHNiShNjQXQ2X,0
1Hvod5qz2XPD2u10Qcs6nsoJdglHqGycffJkvweEEwJE,7543 ,Dec 2021,1RNCQNNf8L6C28UcoHB0aHNiShNjQXQ2X,0
1fZ0aqA5pcz4lfMqNxyKMayvIX_Fqkma8kTIcYzKM9ZU,1623 ,Jan 2021,1RNCQNNf8L6C28UcoHB0aHNiShNjQXQ2X,0
1fZ0aqA5pcz4lfMqNxyKMayvIX_Fqkma8kTIcYzKM9ZU,1623 ,Feb 2021,1RNCQNNf8L6C28UcoHB0aHNiShNjQXQ2X,0
1fZ0aqA5pcz4lfMqNxyKMayvIX_Fqkma8kTIcYzKM9ZU,1623 ,Mar 2021,1RNCQNNf8L6C28UcoHB0aHNiShNjQXQ2X,0
1fZ0aqA5pcz4lfMqNxyKMayvIX_Fqkma8kTIcYzKM9ZU,1623 ,Apr 2021,1RNCQNNf8L6C28UcoHB0aHNiShNjQXQ2X,0
1fZ0aqA5pcz4lfMqNxyKMayvIX_Fqkma8kTIcYzKM9ZU,1623 ,May 2021,1RNCQNNf8L6C28UcoHB0aHNiShNjQXQ2X,0
1fZ0aqA5pcz4lfMqNxyKMayvIX_Fqkma8kTIcYzKM9ZU,1623 ,Jun 2021,1RNCQNNf8L6C28UcoHB0aHNiShNjQXQ2X,0
1fZ0aqA5pcz4lfMqNxyKMayvIX_Fqkma8kTIcYzKM9ZU,1623 ,Jul 2021,1RNCQNNf8L6C28UcoHB0aHNiShNjQXQ2X,0
1fZ0aqA5pcz4lfMqNxyKMayvIX_Fqkma8kTIcYzKM9ZU,1623 ,Aug 2021,1RNCQNNf8L6C28UcoHB0aHNiShNjQXQ2X,0
1fZ0aqA5pcz4lfMqNxyKMayvIX_Fqkma8kTIcYzKM9ZU,1623 ,Sep 2021,1RNCQNNf8L6C28UcoHB0aHNiShNjQXQ2X,0
1fZ0aqA5pcz4lfMqNxyKMayvIX_Fqkma8kTIcYzKM9ZU,1623 ,Oct 2021,1RNCQNNf8L6C28UcoHB0aHNiShNjQXQ2X,0
1fZ0aqA5pcz4lfMqNxyKMayvIX_Fqkma8kTIcYzKM9ZU,1623 ,Nov 2021,1RNCQNNf8L6C28UcoHB0aHNiShNjQXQ2X,0
1fZ0aqA5pcz4lfMqNxyKMayvIX_Fqkma8kTIcYzKM9ZU,1623 ,Dec 2021,1RNCQNNf8L6C28UcoHB0aHNiShNjQXQ2X,0
1D1_KmucWuF19Zuh7MeB4jgqvXkg5iDLFj5YhRGLgdQE,1978 ,Jan 2021,1RNCQNNf8L6C28UcoHB0aHNiShNjQXQ2X,869.2
1D1_KmucWuF19Zuh7MeB4jgqvXkg5iDLFj5YhRGLgdQE,1978 ,Feb 2021,1RNCQNNf8L6C28UcoHB0aHNiShNjQXQ2X,869.2
1D1_KmucWuF19Zuh7MeB4jgqvXkg5iDLFj5YhRGLgdQE,1978 ,Mar 2021,1RNCQNNf8L6C28UcoHB0aHNiShNjQXQ2X,869.2
1D1_KmucWuF19Zuh7MeB4jgqvXkg5iDLFj5YhRGLgdQE,1978 ,Apr 2021,1RNCQNNf8L6C28UcoHB0aHNiShNjQXQ2X,869.2
1D1_KmucWuF19Zuh7MeB4jgqvXkg5iDLFj5YhRGLgdQE,1978 ,May 2021,1RNCQNNf8L6C28UcoHB0aHNiShNjQXQ2X,869.2
1D1_KmucWuF19Zuh7MeB4jgqvXkg5iDLFj5YhRGLgdQE,1978 ,Jun 2021,1RNCQNNf8L6C28UcoHB0aHNiShNjQXQ2X,869.2
1D1_KmucWuF19Zuh7MeB4jgqvXkg5iDLFj5YhRGLgdQE,1978 ,Jul 2021,1RNCQNNf8L6C28UcoHB0aHNiShNjQXQ2X,869.2
1D1_KmucWuF19Zuh7MeB4jgqvXkg5iDLFj5YhRGLgdQE,1978 ,Aug 2021,1RNCQNNf8L6C28UcoHB0aHNiShNjQXQ2X,869.2
1D1_KmucWuF19Zuh7MeB4jgqvXkg5iDLFj5YhRGLgdQE,1978 ,Sep 2021,1RNCQNNf8L6C28UcoHB0aHNiShNjQXQ2X,869.2
1D1_KmucWuF19Zuh7MeB4jgqvXkg5iDLFj5YhRGLgdQE,1978 ,Oct 2021,1RNCQNNf8L6C28UcoHB0aHNiShNjQXQ2X,869.2
1D1_KmucWuF19Zuh7MeB4jgqvXkg5iDLFj5YhRGLgdQE,1978 ,Nov 2021,1RNCQNNf8L6C28UcoHB0aHNiShNjQXQ2X,869.2
1D1_KmucWuF19Zuh7MeB4jgqvXkg5iDLFj5YhRGLgdQE,1978 ,Dec 2021,1RNCQNNf8L6C28UcoHB0aHNiShNjQXQ2X,869.2
1D0Ck-i2iTghcX6fWySDWlpLLP2AlP_ACnn0nsiRa1Fc,2921 ,Jan 2021,1RNCQNNf8L6C28UcoHB0aHNiShNjQXQ2X,916.58
1D0Ck-i2iTghcX6fWySDWlpLLP2AlP_ACnn0nsiRa1Fc,2921 ,Feb 2021,1RNCQNNf8L6C28UcoHB0aHNiShNjQXQ2X,916.58
1D0Ck-i2iTghcX6fWySDWlpLLP2AlP_ACnn0nsiRa1Fc,2921 ,Mar 2021,1RNCQNNf8L6C28UcoHB0aHNiShNjQXQ2X,916.58
1D0Ck-i2iTghcX6fWySDWlpLLP2AlP_ACnn0nsiRa1Fc,2921 ,Apr 2021,1RNCQNNf8L6C28UcoHB0aHNiShNjQXQ2X,916.58
1D0Ck-i2iTghcX6fWySDWlpLLP2AlP_ACnn0nsiRa1Fc,2921 ,May 2021,1RNCQNNf8L6C28UcoHB0aHNiShNjQXQ2X,916.58
1D0Ck-i2iTghcX6fWySDWlpLLP2AlP_ACnn0nsiRa1Fc,2921 ,Jun 2021,1RNCQNNf8L6C28UcoHB0aHNiShNjQXQ2X,916.58
1D0Ck-i2iTghcX6fWySDWlpLLP2AlP_ACnn0nsiRa1Fc,2921 ,Jul 2021,1RNCQNNf8L6C28UcoHB0aHNiShNjQXQ2X,916.58
1D0Ck-i2iTghcX6fWySDWlpLLP2AlP_ACnn0nsiRa1Fc,2921 ,Aug 2021,1RNCQNNf8L6C28UcoHB0aHNiShNjQXQ2X,916.58
1D0Ck-i2iTghcX6fWySDWlpLLP2AlP_ACnn0nsiRa1Fc,2921 ,Sep 2021,1RNCQNNf8L6C28UcoHB0aHNiShNjQXQ2X,916.58
1D0Ck-i2iTghcX6fWySDWlpLLP2AlP_ACnn0nsiRa1Fc,2921 ,Oct 2021,1RNCQNNf8L6C28UcoHB0aHNiShNjQXQ2X,916.58
1D0Ck-i2iTghcX6fWySDWlpLLP2AlP_ACnn0nsiRa1Fc,2921 ,Nov 2021,1RNCQNNf8L6C28UcoHB0aHNiShNjQXQ2X,916.58
1D0Ck-i2iTghcX6fWySDWlpLLP2AlP_ACnn0nsiRa1Fc,2921 ,Dec 2021,1RNCQNNf8L6C28UcoHB0aHNiShNjQXQ2X,916.58
1I4HkTkcmehir_qAJN7UPZ9lrkqpUo_SZgJEL1dCRcZA,1582 ,Jan 2021,1RNCQNNf8L6C28UcoHB0aHNiShNjQXQ2X,0
1I4HkTkcmehir_qAJN7UPZ9lrkqpUo_SZgJEL1dCRcZA,1582 ,Feb 2021,1RNCQNNf8L6C28UcoHB0aHNiShNjQXQ2X,0
1I4HkTkcmehir_qAJN7UPZ9lrkqpUo_SZgJEL1dCRcZA,1582 ,Mar 2021,1RNCQNNf8L6C28UcoHB0aHNiShNjQXQ2X,0
1I4HkTkcmehir_qAJN7UPZ9lrkqpUo_SZgJEL1dCRcZA,1582 ,Apr 2021,1RNCQNNf8L6C28UcoHB0aHNiShNjQXQ2X,0
1I4HkTkcmehir_qAJN7UPZ9lrkqpUo_SZgJEL1dCRcZA,1582 ,May 2021,1RNCQNNf8L6C28UcoHB0aHNiShNjQXQ2X,0
1I4HkTkcmehir_qAJN7UPZ9lrkqpUo_SZgJEL1dCRcZA,1582 ,Jun 2021,1RNCQNNf8L6C28UcoHB0aHNiShNjQXQ2X,0
1I4HkTkcmehir_qAJN7UPZ9lrkqpUo_SZgJEL1dCRcZA,1582 ,Jul 2021,1RNCQNNf8L6C28UcoHB0aHNiShNjQXQ2X,0
1I4HkTkcmehir_qAJN7UPZ9lrkqpUo_SZgJEL1dCRcZA,1582 ,Aug 2021,1RNCQNNf8L6C28UcoHB0aHNiShNjQXQ2X,0
1I4HkTkcmehir_qAJN7UPZ9lrkqpUo_SZgJEL1dCRcZA,1582 ,Sep 2021,1RNCQNNf8L6C28UcoHB0aHNiShNjQXQ2X,0
1I4HkTkcmehir_qAJN7UPZ9lrkqpUo_SZgJEL1dCRcZA,1582 ,Oct 2021,1RNCQNNf8L6C28UcoHB0aHNiShNjQXQ2X,0
1I4HkTkcmehir_qAJN7UPZ9lrkqpUo_SZgJEL1dCRcZA,1582 ,Nov 2021,1RNCQNNf8L6C28UcoHB0aHNiShNjQXQ2X,0
1I4HkTkcmehir_qAJN7UPZ9lrkqpUo_SZgJEL1dCRcZA,1582 ,Dec 2021,1RNCQNNf8L6C28UcoHB0aHNiShNjQXQ2X,0
1oT8onhOnQqtvtQqn4Eee2LSgtaBHFowFO0--7NXk-_I,8393 ,Jan 2021,1RNCQNNf8L6C28UcoHB0aHNiShNjQXQ2X,0
1oT8onhOnQqtvtQqn4Eee2LSgtaBHFowFO0--7NXk-_I,8393 ,Feb 2021,1RNCQNNf8L6C28UcoHB0aHNiShNjQXQ2X,0
1oT8onhOnQqtvtQqn4Eee2LSgtaBHFowFO0--7NXk-_I,8393 ,Mar 2021,1RNCQNNf8L6C28UcoHB0aHNiShNjQXQ2X,0
1oT8onhOnQqtvtQqn4Eee2LSgtaBHFowFO0--7NXk-_I,8393 ,Apr 2021,1RNCQNNf8L6C28UcoHB0aHNiShNjQXQ2X,0
1oT8onhOnQqtvtQqn4Eee2LSgtaBHFowFO0--7NXk-_I,8393 ,May 2021,1RNCQNNf8L6C28UcoHB0aHNiShNjQXQ2X,0
1oT8onhOnQqtvtQqn4Eee2LSgtaBHFowFO0--7NXk-_I,8393 ,Jun 2021,1RNCQNNf8L6C28UcoHB0aHNiShNjQXQ2X,0
1oT8onhOnQqtvtQqn4Eee2LSgtaBHFowFO0--7NXk-_I,8393 ,Jul 2021,1RNCQNNf8L6C28UcoHB0aHNiShNjQXQ2X,0
1oT8onhOnQqtvtQqn4Eee2LSgtaBHFowFO0--7NXk-_I,8393 ,Aug 2021,1RNCQNNf8L6C28UcoHB0aHNiShNjQXQ2X,0
1oT8onhOnQqtvtQqn4Eee2LSgtaBHFowFO0--7NXk-_I,8393 ,Sep 2021,1RNCQNNf8L6C28UcoHB0aHNiShNjQXQ2X,0
1oT8onhOnQqtvtQqn4Eee2LSgtaBHFowFO0--7NXk-_I,8393 ,Oct 2021,1RNCQNNf8L6C28UcoHB0aHNiShNjQXQ2X,0
1oT8onhOnQqtvtQqn4Eee2LSgtaBHFowFO0--7NXk-_I,8393 ,Nov 2021,1RNCQNNf8L6C28UcoHB0aHNiShNjQXQ2X,0
1oT8onhOnQqtvtQqn4Eee2LSgtaBHFowFO0--7NXk-_I,8393 ,Dec 2021,1RNCQNNf8L6C28UcoHB0aHNiShNjQXQ2X,0
1JuvO63nt5n_bUMagDslzvuDUui0QXgPiQGD-Wmb1ZaA,4672 ,Jan 2021,1RNCQNNf8L6C28UcoHB0aHNiShNjQXQ2X,227.12
1JuvO63nt5n_bUMagDslzvuDUui0QXgPiQGD-Wmb1ZaA,4672 ,Feb 2021,1RNCQNNf8L6C28UcoHB0aHNiShNjQXQ2X,227.12
1JuvO63nt5n_bUMagDslzvuDUui0QXgPiQGD-Wmb1ZaA,4672 ,Mar 2021,1RNCQNNf8L6C28UcoHB0aHNiShNjQXQ2X,227.12
1JuvO63nt5n_bUMagDslzvuDUui0QXgPiQGD-Wmb1ZaA,4672 ,Apr 2021,1RNCQNNf8L6C28UcoHB0aHNiShNjQXQ2X,227.12
1JuvO63nt5n_bUMagDslzvuDUui0QXgPiQGD-Wmb1ZaA,4672 ,May 2021,1RNCQNNf8L6C28UcoHB0aHNiShNjQXQ2X,227.12
1JuvO63nt5n_bUMagDslzvuDUui0QXgPiQGD-Wmb1ZaA,4672 ,Jun 2021,1RNCQNNf8L6C28UcoHB0aHNiShNjQXQ2X,227.12
1JuvO63nt5n_bUMagDslzvuDUui0QXgPiQGD-Wmb1ZaA,4672 ,Jul 2021,1RNCQNNf8L6C28UcoHB0aHNiShNjQXQ2X,227.12
1JuvO63nt5n_bUMagDslzvuDUui0QXgPiQGD-Wmb1ZaA,4672 ,Aug 2021,1RNCQNNf8L6C28UcoHB0aHNiShNjQXQ2X,227.12
1JuvO63nt5n_bUMagDslzvuDUui0QXgPiQGD-Wmb1ZaA,4672 ,Sep 2021,1RNCQNNf8L6C28UcoHB0aHNiShNjQXQ2X,227.12
1JuvO63nt5n_bUMagDslzvuDUui0QXgPiQGD-Wmb1ZaA,4672 ,Oct 2021,1RNCQNNf8L6C28UcoHB0aHNiShNjQXQ2X,227.12
1JuvO63nt5n_bUMagDslzvuDUui0QXgPiQGD-Wmb1ZaA,4672 ,Nov 2021,1RNCQNNf8L6C28UcoHB0aHNiShNjQXQ2X,227.12
1JuvO63nt5n_bUMagDslzvuDUui0QXgPiQGD-Wmb1ZaA,4672 ,Dec 2021,1RNCQNNf8L6C28UcoHB0aHNiShNjQXQ2X,227.12
1-EWuQQB7lR9Zg5JPvX8Kewx3p0Z40CWxDshHSwk2i6Y,1837 ,Jan 2021,1RNCQNNf8L6C28UcoHB0aHNiShNjQXQ2X,1572.1
1-EWuQQB7lR9Zg5JPvX8Kewx3p0Z40CWxDshHSwk2i6Y,1837 ,Feb 2021,1RNCQNNf8L6C28UcoHB0aHNiShNjQXQ2X,1572.1
1-EWuQQB7lR9Zg5JPvX8Kewx3p0Z40CWxDshHSwk2i6Y,1837 ,Mar 2021,1RNCQNNf8L6C28UcoHB0aHNiShNjQXQ2X,1572.1
1-EWuQQB7lR9Zg5JPvX8Kewx3p0Z40CWxDshHSwk2i6Y,1837 ,Apr 2021,1RNCQNNf8L6C28UcoHB0aHNiShNjQXQ2X,1572.1
1-EWuQQB7lR9Zg5JPvX8Kewx3p0Z40CWxDshHSwk2i6Y,1837 ,May 2021,1RNCQNNf8L6C28UcoHB0aHNiShNjQXQ2X,1572.1
1-EWuQQB7lR9Zg5JPvX8Kewx3p0Z40CWxDshHSwk2i6Y,1837 ,Jun 2021,1RNCQNNf8L6C28UcoHB0aHNiShNjQXQ2X,1572.1
1-EWuQQB7lR9Zg5JPvX8Kewx3p0Z40CWxDshHSwk2i6Y,1837 ,Jul 2021,1RNCQNNf8L6C28UcoHB0aHNiShNjQXQ2X,1572.1
1-EWuQQB7lR9Zg5JPvX8Kewx3p0Z40CWxDshHSwk2i6Y,1837 ,Aug 2021,1RNCQNNf8L6C28UcoHB0aHNiShNjQXQ2X,1572.1
1-EWuQQB7lR9Zg5JPvX8Kewx3p0Z40CWxDshHSwk2i6Y,1837 ,Sep 2021,1RNCQNNf8L6C28UcoHB0aHNiShNjQXQ2X,1572.1
1-EWuQQB7lR9Zg5JPvX8Kewx3p0Z40CWxDshHSwk2i6Y,1837 ,Oct 2021,1RNCQNNf8L6C28UcoHB0aHNiShNjQXQ2X,1572.1
1-EWuQQB7lR9Zg5JPvX8Kewx3p0Z40CWxDshHSwk2i6Y,1837 ,Nov 2021,1RNCQNNf8L6C28UcoHB0aHNiShNjQXQ2X,1572.1
1-EWuQQB7lR9Zg5JPvX8Kewx3p0Z40CWxDshHSwk2i6Y,1837 ,Dec 2021,1RNCQNNf8L6C28UcoHB0aHNiShNjQXQ2X,1572.1
1gW-2UyhppGgdS4Kf9V0a_HHtOyvwAE4irxtDCKnWsB4,9576 ,Jan 2021,1RNCQNNf8L6C28UcoHB0aHNiShNjQXQ2X,0
1gW-2UyhppGgdS4Kf9V0a_HHtOyvwAE4irxtDCKnWsB4,9576 ,Feb 2021,1RNCQNNf8L6C28UcoHB0aHNiShNjQXQ2X,0
1gW-2UyhppGgdS4Kf9V0a_HHtOyvwAE4irxtDCKnWsB4,9576 ,Mar 2021,1RNCQNNf8L6C28UcoHB0aHNiShNjQXQ2X,0
1gW-2UyhppGgdS4Kf9V0a_HHtOyvwAE4irxtDCKnWsB4,9576 ,Apr 2021,1RNCQNNf8L6C28UcoHB0aHNiShNjQXQ2X,0
1gW-2UyhppGgdS4Kf9V0a_HHtOyvwAE4irxtDCKnWsB4,9576 ,May 2021,1RNCQNNf8L6C28UcoHB0aHNiShNjQXQ2X,0
1gW-2UyhppGgdS4Kf9V0a_HHtOyvwAE4irxtDCKnWsB4,9576 ,Jun 2021,1RNCQNNf8L6C28UcoHB0aHNiShNjQXQ2X,0
1gW-2UyhppGgdS4Kf9V0a_HHtOyvwAE4irxtDCKnWsB4,9576 ,Jul 2021,1RNCQNNf8L6C28UcoHB0aHNiShNjQXQ2X,0
1gW-2UyhppGgdS4Kf9V0a_HHtOyvwAE4irxtDCKnWsB4,9576 ,Aug 2021,1RNCQNNf8L6C28UcoHB0aHNiShNjQXQ2X,0
1gW-2UyhppGgdS4Kf9V0a_HHtOyvwAE4irxtDCKnWsB4,9576 ,Sep 2021,1RNCQNNf8L6C28UcoHB0aHNiShNjQXQ2X,0
1gW-2UyhppGgdS4Kf9V0a_HHtOyvwAE4irxtDCKnWsB4,9576 ,Oct 2021,1RNCQNNf8L6C28UcoHB0aHNiShNjQXQ2X,0
1gW-2UyhppGgdS4Kf9V0a_HHtOyvwAE4irxtDCKnWsB4,9576 ,Nov 2021,1RNCQNNf8L6C28UcoHB0aHNiShNjQXQ2X,0
1gW-2UyhppGgdS4Kf9V0a_HHtOyvwAE4irxtDCKnWsB4,9576 ,Dec 2021,1RNCQNNf8L6C28UcoHB0aHNiShNjQXQ2X,0
13v8aflFVgmlH3g9v2wRkzGdzJExW4_i_BTZHup1FI20,4649 ,Jan 2021,1RNCQNNf8L6C28UcoHB0aHNiShNjQXQ2X,608.06
13v8aflFVgmlH3g9v2wRkzGdzJExW4_i_BTZHup1FI20,4649 ,Feb 2021,1RNCQNNf8L6C28UcoHB0aHNiShNjQXQ2X,608.06
13v8aflFVgmlH3g9v2wRkzGdzJExW4_i_BTZHup1FI20,4649 ,Mar 2021,1RNCQNNf8L6C28UcoHB0aHNiShNjQXQ2X,608.06
13v8aflFVgmlH3g9v2wRkzGdzJExW4_i_BTZHup1FI20,4649 ,Apr 2021,1RNCQNNf8L6C28UcoHB0aHNiShNjQXQ2X,608.06
13v8aflFVgmlH3g9v2wRkzGdzJExW4_i_BTZHup1FI20,4649 ,May 2021,1RNCQNNf8L6C28UcoHB0aHNiShNjQXQ2X,608.06
13v8aflFVgmlH3g9v2wRkzGdzJExW4_i_BTZHup1FI20,4649 ,Jun 2021,1RNCQNNf8L6C28UcoHB0aHNiShNjQXQ2X,608.06
13v8aflFVgmlH3g9v2wRkzGdzJExW4_i_BTZHup1FI20,4649 ,Jul 2021,1RNCQNNf8L6C28UcoHB0aHNiShNjQXQ2X,608.06
13v8aflFVgmlH3g9v2wRkzGdzJExW4_i_BTZHup1FI20,4649 ,Aug 2021,1RNCQNNf8L6C28UcoHB0aHNiShNjQXQ2X,608.06
13v8aflFVgmlH3g9v2wRkzGdzJExW4_i_BTZHup1FI20,4649 ,Sep 2021,1RNCQNNf8L6C28UcoHB0aHNiShNjQXQ2X,608.06
13v8aflFVgmlH3g9v2wRkzGdzJExW4_i_BTZHup1FI20,4649 ,Oct 2021,1RNCQNNf8L6C28UcoHB0aHNiShNjQXQ2X,608.06
13v8aflFVgmlH3g9v2wRkzGdzJExW4_i_BTZHup1FI20,4649 ,Nov 2021,1RNCQNNf8L6C28UcoHB0aHNiShNjQXQ2X,608.06
13v8aflFVgmlH3g9v2wRkzGdzJExW4_i_BTZHup1FI20,4649 ,Dec 2021,1RNCQNNf8L6C28UcoHB0aHNiShNjQXQ2X,608.06
1Sz1UtVgm1bvTikV3XSfPOr8KtPnKqFaQoSr2HSD3-Cw,9429 ,Jan 2021,1RNCQNNf8L6C28UcoHB0aHNiShNjQXQ2X,1012.82
1Sz1UtVgm1bvTikV3XSfPOr8KtPnKqFaQoSr2HSD3-Cw,9429 ,Feb 2021,1RNCQNNf8L6C28UcoHB0aHNiShNjQXQ2X,1012.82
1Sz1UtVgm1bvTikV3XSfPOr8KtPnKqFaQoSr2HSD3-Cw,9429 ,Mar 2021,1RNCQNNf8L6C28UcoHB0aHNiShNjQXQ2X,1012.82
1Sz1UtVgm1bvTikV3XSfPOr8KtPnKqFaQoSr2HSD3-Cw,9429 ,Apr 2021,1RNCQNNf8L6C28UcoHB0aHNiShNjQXQ2X,1012.82
1Sz1UtVgm1bvTikV3XSfPOr8KtPnKqFaQoSr2HSD3-Cw,9429 ,May 2021,1RNCQNNf8L6C28UcoHB0aHNiShNjQXQ2X,1012.82
1Sz1UtVgm1bvTikV3XSfPOr8KtPnKqFaQoSr2HSD3-Cw,9429 ,Jun 2021,1RNCQNNf8L6C28UcoHB0aHNiShNjQXQ2X,1012.82
1Sz1UtVgm1bvTikV3XSfPOr8KtPnKqFaQoSr2HSD3-Cw,9429 ,Jul 2021,1RNCQNNf8L6C28UcoHB0aHNiShNjQXQ2X,1012.82
1Sz1UtVgm1bvTikV3XSfPOr8KtPnKqFaQoSr2HSD3-Cw,9429 ,Aug 2021,1RNCQNNf8L6C28UcoHB0aHNiShNjQXQ2X,1012.82
1Sz1UtVgm1bvTikV3XSfPOr8KtPnKqFaQoSr2HSD3-Cw,9429 ,Sep 2021,1RNCQNNf8L6C28UcoHB0aHNiShNjQXQ2X,1012.82
1Sz1UtVgm1bvTikV3XSfPOr8KtPnKqFaQoSr2HSD3-Cw,9429 ,Oct 2021,1RNCQNNf8L6C28UcoHB0aHNiShNjQXQ2X,1012.82
1Sz1UtVgm1bvTikV3XSfPOr8KtPnKqFaQoSr2HSD3-Cw,9429 ,Nov 2021,1RNCQNNf8L6C28UcoHB0aHNiShNjQXQ2X,1012.82
1Sz1UtVgm1bvTikV3XSfPOr8KtPnKqFaQoSr2HSD3-Cw,9429 ,Dec 2021,1RNCQNNf8L6C28UcoHB0aHNiShNjQXQ2X,1012.82
1gLCgrdkUi5jFbqrSdAr0wGAVWK_Pw_8aI6QjEakR_cU,6021 ,Jan 2021,1RNCQNNf8L6C28UcoHB0aHNiShNjQXQ2X,0
1gLCgrdkUi5jFbqrSdAr0wGAVWK_Pw_8aI6QjEakR_cU,6021 ,Feb 2021,1RNCQNNf8L6C28UcoHB0aHNiShNjQXQ2X,0
1gLCgrdkUi5jFbqrSdAr0wGAVWK_Pw_8aI6QjEakR_cU,6021 ,Mar 2021,1RNCQNNf8L6C28UcoHB0aHNiShNjQXQ2X,0
1gLCgrdkUi5jFbqrSdAr0wGAVWK_Pw_8aI6QjEakR_cU,6021 ,Apr 2021,1RNCQNNf8L6C28UcoHB0aHNiShNjQXQ2X,0
1gLCgrdkUi5jFbqrSdAr0wGAVWK_Pw_8aI6QjEakR_cU,6021 ,May 2021,1RNCQNNf8L6C28UcoHB0aHNiShNjQXQ2X,0
1gLCgrdkUi5jFbqrSdAr0wGAVWK_Pw_8aI6QjEakR_cU,6021 ,Jun 2021,1RNCQNNf8L6C28UcoHB0aHNiShNjQXQ2X,0
1gLCgrdkUi5jFbqrSdAr0wGAVWK_Pw_8aI6QjEakR_cU,6021 ,Jul 2021,1RNCQNNf8L6C28UcoHB0aHNiShNjQXQ2X,0
1gLCgrdkUi5jFbqrSdAr0wGAVWK_Pw_8aI6QjEakR_cU,6021 ,Aug 2021,1RNCQNNf8L6C28UcoHB0aHNiShNjQXQ2X,0
1gLCgrdkUi5jFbqrSdAr0wGAVWK_Pw_8aI6QjEakR_cU,6021 ,Sep 2021,1RNCQNNf8L6C28UcoHB0aHNiShNjQXQ2X,0
1gLCgrdkUi5jFbqrSdAr0wGAVWK_Pw_8aI6QjEakR_cU,6021 ,Oct 2021,1RNCQNNf8L6C28UcoHB0aHNiShNjQXQ2X,0
1gLCgrdkUi5jFbqrSdAr0wGAVWK_Pw_8aI6QjEakR_cU,6021 ,Nov 2021,1RNCQNNf8L6C28UcoHB0aHNiShNjQXQ2X,0
1gLCgrdkUi5jFbqrSdAr0wGAVWK_Pw_8aI6QjEakR_cU,6021 ,Dec 2021,1RNCQNNf8L6C28UcoHB0aHNiShNjQXQ2X,0
1XEj0J19WH4juW5GVn_JauVNh4VAdZO3KcUD4UlkgBEY,7080 ,Jan 2021,1RNCQNNf8L6C28UcoHB0aHNiShNjQXQ2X,944.96
1XEj0J19WH4juW5GVn_JauVNh4VAdZO3KcUD4UlkgBEY,7080 ,Feb 2021,1RNCQNNf8L6C28UcoHB0aHNiShNjQXQ2X,944.96
1XEj0J19WH4juW5GVn_JauVNh4VAdZO3KcUD4UlkgBEY,7080 ,Mar 2021,1RNCQNNf8L6C28UcoHB0aHNiShNjQXQ2X,944.96
1XEj0J19WH4juW5GVn_JauVNh4VAdZO3KcUD4UlkgBEY,7080 ,Apr 2021,1RNCQNNf8L6C28UcoHB0aHNiShNjQXQ2X,944.96
1XEj0J19WH4juW5GVn_JauVNh4VAdZO3KcUD4UlkgBEY,7080 ,May 2021,1RNCQNNf8L6C28UcoHB0aHNiShNjQXQ2X,944.96
1XEj0J19WH4juW5GVn_JauVNh4VAdZO3KcUD4UlkgBEY,7080 ,Jun 2021,1RNCQNNf8L6C28UcoHB0aHNiShNjQXQ2X,944.96
1XEj0J19WH4juW5GVn_JauVNh4VAdZO3KcUD4UlkgBEY,7080 ,Jul 2021,1RNCQNNf8L6C28UcoHB0aHNiShNjQXQ2X,944.96
1XEj0J19WH4juW5GVn_JauVNh4VAdZO3KcUD4UlkgBEY,7080 ,Aug 2021,1RNCQNNf8L6C28UcoHB0aHNiShNjQXQ2X,944.96
1XEj0J19WH4juW5GVn_JauVNh4VAdZO3KcUD4UlkgBEY,7080 ,Sep 2021,1RNCQNNf8L6C28UcoHB0aHNiShNjQXQ2X,944.96
1XEj0J19WH4juW5GVn_JauVNh4VAdZO3KcUD4UlkgBEY,7080 ,Oct 2021,1RNCQNNf8L6C28UcoHB0aHNiShNjQXQ2X,944.96
1XEj0J19WH4juW5GVn_JauVNh4VAdZO3KcUD4UlkgBEY,7080 ,Nov 2021,1RNCQNNf8L6C28UcoHB0aHNiShNjQXQ2X,944.96
1XEj0J19WH4juW5GVn_JauVNh4VAdZO3KcUD4UlkgBEY,7080 ,Dec 2021,1RNCQNNf8L6C28UcoHB0aHNiShNjQXQ2X,944.96
1CE33wvTmZJy5D6pf2IYFdE1NXtcrP0er7GaooAHucHw,5949 ,Jan 2021,1RNCQNNf8L6C28UcoHB0aHNiShNjQXQ2X,376.78
1CE33wvTmZJy5D6pf2IYFdE1NXtcrP0er7GaooAHucHw,5949 ,Feb 2021,1RNCQNNf8L6C28UcoHB0aHNiShNjQXQ2X,376.78
1CE33wvTmZJy5D6pf2IYFdE1NXtcrP0er7GaooAHucHw,5949 ,Mar 2021,1RNCQNNf8L6C28UcoHB0aHNiShNjQXQ2X,376.78
1CE33wvTmZJy5D6pf2IYFdE1NXtcrP0er7GaooAHucHw,5949 ,Apr 2021,1RNCQNNf8L6C28UcoHB0aHNiShNjQXQ2X,376.78
1CE33wvTmZJy5D6pf2IYFdE1NXtcrP0er7GaooAHucHw,5949 ,May 2021,1RNCQNNf8L6C28UcoHB0aHNiShNjQXQ2X,376.78
1CE33wvTmZJy5D6pf2IYFdE1NXtcrP0er7GaooAHucHw,5949 ,Jun 2021,1RNCQNNf8L6C28UcoHB0aHNiShNjQXQ2X,376.78
1CE33wvTmZJy5D6pf2IYFdE1NXtcrP0er7GaooAHucHw,5949 ,Jul 2021,1RNCQNNf8L6C28UcoHB0aHNiShNjQXQ2X,376.78
1CE33wvTmZJy5D6pf2IYFdE1NXtcrP0er7GaooAHucHw,5949 ,Aug 2021,1RNCQNNf8L6C28UcoHB0aHNiShNjQXQ2X,376.78
1CE33wvTmZJy5D6pf2IYFdE1NXtcrP0er7GaooAHucHw,5949 ,Sep 2021,1RNCQNNf8L6C28UcoHB0aHNiShNjQXQ2X,376.78
1CE33wvTmZJy5D6pf2IYFdE1NXtcrP0er7GaooAHucHw,5949 ,Oct 2021,1RNCQNNf8L6C28UcoHB0aHNiShNjQXQ2X,376.78
1CE33wvTmZJy5D6pf2IYFdE1NXtcrP0er7GaooAHucHw,5949 ,Nov 2021,1RNCQNNf8L6C28UcoHB0aHNiShNjQXQ2X,376.78
1CE33wvTmZJy5D6pf2IYFdE1NXtcrP0er7GaooAHucHw,5949 ,Dec 2021,1RNCQNNf8L6C28UcoHB0aHNiShNjQXQ2X,376.78
1w_6Mropcl8qX_iqBfZ-XzPOJNk-Qh2TJPX7SnSTux9M,1213 ,Jan 2021,1RNCQNNf8L6C28UcoHB0aHNiShNjQXQ2X,613.46
1w_6Mropcl8qX_iqBfZ-XzPOJNk-Qh2TJPX7SnSTux9M,1213 ,Feb 2021,1RNCQNNf8L6C28UcoHB0aHNiShNjQXQ2X,613.46
1w_6Mropcl8qX_iqBfZ-XzPOJNk-Qh2TJPX7SnSTux9M,1213 ,Mar 2021,1RNCQNNf8L6C28UcoHB0aHNiShNjQXQ2X,613.46
1w_6Mropcl8qX_iqBfZ-XzPOJNk-Qh2TJPX7SnSTux9M,1213 ,Apr 2021,1RNCQNNf8L6C28UcoHB0aHNiShNjQXQ2X,613.46
1w_6Mropcl8qX_iqBfZ-XzPOJNk-Qh2TJPX7SnSTux9M,1213 ,May 2021,1RNCQNNf8L6C28UcoHB0aHNiShNjQXQ2X,613.46
1w_6Mropcl8qX_iqBfZ-XzPOJNk-Qh2TJPX7SnSTux9M,1213 ,Jun 2021,1RNCQNNf8L6C28UcoHB0aHNiShNjQXQ2X,613.46
1w_6Mropcl8qX_iqBfZ-XzPOJNk-Qh2TJPX7SnSTux9M,1213 ,Jul 2021,1RNCQNNf8L6C28UcoHB0aHNiShNjQXQ2X,613.46
1w_6Mropcl8qX_iqBfZ-XzPOJNk-Qh2TJPX7SnSTux9M,1213 ,Aug 2021,1RNCQNNf8L6C28UcoHB0aHNiShNjQXQ2X,613.46
1w_6Mropcl8qX_iqBfZ-XzPOJNk-Qh2TJPX7SnSTux9M,1213 ,Sep 2021,1RNCQNNf8L6C28UcoHB0aHNiShNjQXQ2X,613.46
1w_6Mropcl8qX_iqBfZ-XzPOJNk-Qh2TJPX7SnSTux9M,1213 ,Oct 2021,1RNCQNNf8L6C28UcoHB0aHNiShNjQXQ2X,613.46
1w_6Mropcl8qX_iqBfZ-XzPOJNk-Qh2TJPX7SnSTux9M,1213 ,Nov 2021,1RNCQNNf8L6C28UcoHB0aHNiShNjQXQ2X,613.46
1w_6Mropcl8qX_iqBfZ-XzPOJNk-Qh2TJPX7SnSTux9M,1213 ,Dec 2021,1RNCQNNf8L6C28UcoHB0aHNiShNjQXQ2X,613.46
1BlrNtRT4Ivxy0cVJb7D-7CBKXegoG5ih4qQyB9J9HpE,2668 ,Jan 2021,1RNCQNNf8L6C28UcoHB0aHNiShNjQXQ2X,386.85
1BlrNtRT4Ivxy0cVJb7D-7CBKXegoG5ih4qQyB9J9HpE,2668 ,Feb 2021,1RNCQNNf8L6C28UcoHB0aHNiShNjQXQ2X,386.85
1BlrNtRT4Ivxy0cVJb7D-7CBKXegoG5ih4qQyB9J9HpE,2668 ,Mar 2021,1RNCQNNf8L6C28UcoHB0aHNiShNjQXQ2X,386.85
1BlrNtRT4Ivxy0cVJb7D-7CBKXegoG5ih4qQyB9J9HpE,2668 ,Apr 2021,1RNCQNNf8L6C28UcoHB0aHNiShNjQXQ2X,386.85
1BlrNtRT4Ivxy0cVJb7D-7CBKXegoG5ih4qQyB9J9HpE,2668 ,May 2021,1RNCQNNf8L6C28UcoHB0aHNiShNjQXQ2X,386.85
1BlrNtRT4Ivxy0cVJb7D-7CBKXegoG5ih4qQyB9J9HpE,2668 ,Jun 2021,1RNCQNNf8L6C28UcoHB0aHNiShNjQXQ2X,386.85
1BlrNtRT4Ivxy0cVJb7D-7CBKXegoG5ih4qQyB9J9HpE,2668 ,Jul 2021,1RNCQNNf8L6C28UcoHB0aHNiShNjQXQ2X,386.85
1BlrNtRT4Ivxy0cVJb7D-7CBKXegoG5ih4qQyB9J9HpE,2668 ,Aug 2021,1RNCQNNf8L6C28UcoHB0aHNiShNjQXQ2X,386.85
1BlrNtRT4Ivxy0cVJb7D-7CBKXegoG5ih4qQyB9J9HpE,2668 ,Sep 2021,1RNCQNNf8L6C28UcoHB0aHNiShNjQXQ2X,386.85
1BlrNtRT4Ivxy0cVJb7D-7CBKXegoG5ih4qQyB9J9HpE,2668 ,Oct 2021,1RNCQNNf8L6C28UcoHB0aHNiShNjQXQ2X,386.85
1BlrNtRT4Ivxy0cVJb7D-7CBKXegoG5ih4qQyB9J9HpE,2668 ,Nov 2021,1RNCQNNf8L6C28UcoHB0aHNiShNjQXQ2X,386.85
1BlrNtRT4Ivxy0cVJb7D-7CBKXegoG5ih4qQyB9J9HpE,2668 ,Dec 2021,1RNCQNNf8L6C28UcoHB0aHNiShNjQXQ2X,386.85
1I2Pl_gAsy_XhbIQ30lCWr3WH_adQR_Dd3KTVYLNaj1E,9707 ,Jan 2021,1RNCQNNf8L6C28UcoHB0aHNiShNjQXQ2X,0
1I2Pl_gAsy_XhbIQ30lCWr3WH_adQR_Dd3KTVYLNaj1E,9707 ,Feb 2021,1RNCQNNf8L6C28UcoHB0aHNiShNjQXQ2X,0
1I2Pl_gAsy_XhbIQ30lCWr3WH_adQR_Dd3KTVYLNaj1E,9707 ,Mar 2021,1RNCQNNf8L6C28UcoHB0aHNiShNjQXQ2X,0
1I2Pl_gAsy_XhbIQ30lCWr3WH_adQR_Dd3KTVYLNaj1E,9707 ,Apr 2021,1RNCQNNf8L6C28UcoHB0aHNiShNjQXQ2X,0
1I2Pl_gAsy_XhbIQ30lCWr3WH_adQR_Dd3KTVYLNaj1E,9707 ,May 2021,1RNCQNNf8L6C28UcoHB0aHNiShNjQXQ2X,0
1I2Pl_gAsy_XhbIQ30lCWr3WH_adQR_Dd3KTVYLNaj1E,9707 ,Jun 2021,1RNCQNNf8L6C28UcoHB0aHNiShNjQXQ2X,0
1I2Pl_gAsy_XhbIQ30lCWr3WH_adQR_Dd3KTVYLNaj1E,9707 ,Jul 2021,1RNCQNNf8L6C28UcoHB0aHNiShNjQXQ2X,0
1I2Pl_gAsy_XhbIQ30lCWr3WH_adQR_Dd3KTVYLNaj1E,9707 ,Aug 2021,1RNCQNNf8L6C28UcoHB0aHNiShNjQXQ2X,0
1I2Pl_gAsy_XhbIQ30lCWr3WH_adQR_Dd3KTVYLNaj1E,9707 ,Sep 2021,1RNCQNNf8L6C28UcoHB0aHNiShNjQXQ2X,0
1I2Pl_gAsy_XhbIQ30lCWr3WH_adQR_Dd3KTVYLNaj1E,9707 ,Oct 2021,1RNCQNNf8L6C28UcoHB0aHNiShNjQXQ2X,0
1I2Pl_gAsy_XhbIQ30lCWr3WH_adQR_Dd3KTVYLNaj1E,9707 ,Nov 2021,1RNCQNNf8L6C28UcoHB0aHNiShNjQXQ2X,0
1I2Pl_gAsy_XhbIQ30lCWr3WH_adQR_Dd3KTVYLNaj1E,9707 ,Dec 2021,1RNCQNNf8L6C28UcoHB0aHNiShNjQXQ2X,0
1A-uhQ-nrOUtiRuFJZrf4XN3cC21AB4Av8R8Apcp0Pdw,0852 ,Jan 2021,1RNCQNNf8L6C28UcoHB0aHNiShNjQXQ2X,1230.45
1A-uhQ-nrOUtiRuFJZrf4XN3cC21AB4Av8R8Apcp0Pdw,0852 ,Feb 2021,1RNCQNNf8L6C28UcoHB0aHNiShNjQXQ2X,1230.45
1A-uhQ-nrOUtiRuFJZrf4XN3cC21AB4Av8R8Apcp0Pdw,0852 ,Mar 2021,1RNCQNNf8L6C28UcoHB0aHNiShNjQXQ2X,1230.45
1A-uhQ-nrOUtiRuFJZrf4XN3cC21AB4Av8R8Apcp0Pdw,0852 ,Apr 2021,1RNCQNNf8L6C28UcoHB0aHNiShNjQXQ2X,1230.45
1A-uhQ-nrOUtiRuFJZrf4XN3cC21AB4Av8R8Apcp0Pdw,0852 ,May 2021,1RNCQNNf8L6C28UcoHB0aHNiShNjQXQ2X,1230.45
1A-uhQ-nrOUtiRuFJZrf4XN3cC21AB4Av8R8Apcp0Pdw,0852 ,Jun 2021,1RNCQNNf8L6C28UcoHB0aHNiShNjQXQ2X,1230.45
1A-uhQ-nrOUtiRuFJZrf4XN3cC21AB4Av8R8Apcp0Pdw,0852 ,Jul 2021,1RNCQNNf8L6C28UcoHB0aHNiShNjQXQ2X,1230.45
1A-uhQ-nrOUtiRuFJZrf4XN3cC21AB4Av8R8Apcp0Pdw,0852 ,Aug 2021,1RNCQNNf8L6C28UcoHB0aHNiShNjQXQ2X,1230.45
1A-uhQ-nrOUtiRuFJZrf4XN3cC21AB4Av8R8Apcp0Pdw,0852 ,Sep 2021,1RNCQNNf8L6C28UcoHB0aHNiShNjQXQ2X,1230.45
1A-uhQ-nrOUtiRuFJZrf4XN3cC21AB4Av8R8Apcp0Pdw,0852 ,Oct 2021,1RNCQNNf8L6C28UcoHB0aHNiShNjQXQ2X,1230.45
1A-uhQ-nrOUtiRuFJZrf4XN3cC21AB4Av8R8Apcp0Pdw,0852 ,Nov 2021,1RNCQNNf8L6C28UcoHB0aHNiShNjQXQ2X,1230.45
1A-uhQ-nrOUtiRuFJZrf4XN3cC21AB4Av8R8Apcp0Pdw,0852 ,Dec 2021,1RNCQNNf8L6C28UcoHB0aHNiShNjQXQ2X,1230.45
1Nfez3Q73VH9zQdbvy9MuojlPWArAuVrzm9s4i8vfSLM,8974 ,Jan 2021,1RNCQNNf8L6C28UcoHB0aHNiShNjQXQ2X,533.12
1Nfez3Q73VH9zQdbvy9MuojlPWArAuVrzm9s4i8vfSLM,8974 ,Feb 2021,1RNCQNNf8L6C28UcoHB0aHNiShNjQXQ2X,533.12
1Nfez3Q73VH9zQdbvy9MuojlPWArAuVrzm9s4i8vfSLM,8974 ,Mar 2021,1RNCQNNf8L6C28UcoHB0aHNiShNjQXQ2X,533.12
1Nfez3Q73VH9zQdbvy9MuojlPWArAuVrzm9s4i8vfSLM,8974 ,Apr 2021,1RNCQNNf8L6C28UcoHB0aHNiShNjQXQ2X,533.12
1Nfez3Q73VH9zQdbvy9MuojlPWArAuVrzm9s4i8vfSLM,8974 ,May 2021,1RNCQNNf8L6C28UcoHB0aHNiShNjQXQ2X,533.12
1Nfez3Q73VH9zQdbvy9MuojlPWArAuVrzm9s4i8vfSLM,8974 ,Jun 2021,1RNCQNNf8L6C28UcoHB0aHNiShNjQXQ2X,533.12
1Nfez3Q73VH9zQdbvy9MuojlPWArAuVrzm9s4i8vfSLM,8974 ,Jul 2021,1RNCQNNf8L6C28UcoHB0aHNiShNjQXQ2X,533.12
1Nfez3Q73VH9zQdbvy9MuojlPWArAuVrzm9s4i8vfSLM,8974 ,Aug 2021,1RNCQNNf8L6C28UcoHB0aHNiShNjQXQ2X,533.12
1Nfez3Q73VH9zQdbvy9MuojlPWArAuVrzm9s4i8vfSLM,8974 ,Sep 2021,1RNCQNNf8L6C28UcoHB0aHNiShNjQXQ2X,533.12
1Nfez3Q73VH9zQdbvy9MuojlPWArAuVrzm9s4i8vfSLM,8974 ,Oct 2021,1RNCQNNf8L6C28UcoHB0aHNiShNjQXQ2X,533.12
1Nfez3Q73VH9zQdbvy9MuojlPWArAuVrzm9s4i8vfSLM,8974 ,Nov 2021,1RNCQNNf8L6C28UcoHB0aHNiShNjQXQ2X,533.12
1Nfez3Q73VH9zQdbvy9MuojlPWArAuVrzm9s4i8vfSLM,8974 ,Dec 2021,1RNCQNNf8L6C28UcoHB0aHNiShNjQXQ2X,533.12
1O7AWcC1o2gY9cP2IpSsBGcMxn3XJi389k4BMXPeI2LQ,1298 ,Jan 2021,1RNCQNNf8L6C28UcoHB0aHNiShNjQXQ2X,0
1O7AWcC1o2gY9cP2IpSsBGcMxn3XJi389k4BMXPeI2LQ,1298 ,Feb 2021,1RNCQNNf8L6C28UcoHB0aHNiShNjQXQ2X,0
1O7AWcC1o2gY9cP2IpSsBGcMxn3XJi389k4BMXPeI2LQ,1298 ,Mar 2021,1RNCQNNf8L6C28UcoHB0aHNiShNjQXQ2X,0
1O7AWcC1o2gY9cP2IpSsBGcMxn3XJi389k4BMXPeI2LQ,1298 ,Apr 2021,1RNCQNNf8L6C28UcoHB0aHNiShNjQXQ2X,0
1O7AWcC1o2gY9cP2IpSsBGcMxn3XJi389k4BMXPeI2LQ,1298 ,May 2021,1RNCQNNf8L6C28UcoHB0aHNiShNjQXQ2X,0
1O7AWcC1o2gY9cP2IpSsBGcMxn3XJi389k4BMXPeI2LQ,1298 ,Jun 2021,1RNCQNNf8L6C28UcoHB0aHNiShNjQXQ2X,0
1O7AWcC1o2gY9cP2IpSsBGcMxn3XJi389k4BMXPeI2LQ,1298 ,Jul 2021,1RNCQNNf8L6C28UcoHB0aHNiShNjQXQ2X,0
1O7AWcC1o2gY9cP2IpSsBGcMxn3XJi389k4BMXPeI2LQ,1298 ,Aug 2021,1RNCQNNf8L6C28UcoHB0aHNiShNjQXQ2X,0
1O7AWcC1o2gY9cP2IpSsBGcMxn3XJi389k4BMXPeI2LQ,1298 ,Sep 2021,1RNCQNNf8L6C28UcoHB0aHNiShNjQXQ2X,0
1O7AWcC1o2gY9cP2IpSsBGcMxn3XJi389k4BMXPeI2LQ,1298 ,Oct 2021,1RNCQNNf8L6C28UcoHB0aHNiShNjQXQ2X,0
1O7AWcC1o2gY9cP2IpSsBGcMxn3XJi389k4BMXPeI2LQ,1298 ,Nov 2021,1RNCQNNf8L6C28UcoHB0aHNiShNjQXQ2X,0
1O7AWcC1o2gY9cP2IpSsBGcMxn3XJi389k4BMXPeI2LQ,1298 ,Dec 2021,1RNCQNNf8L6C28UcoHB0aHNiShNjQXQ2X,0
1rmGe41OmaJ1TY8PhFjYG75kRfq3WaxbrmR8ayEvy0sw,2296 ,Jan 2021,1RNCQNNf8L6C28UcoHB0aHNiShNjQXQ2X,0
1rmGe41OmaJ1TY8PhFjYG75kRfq3WaxbrmR8ayEvy0sw,2296 ,Feb 2021,1RNCQNNf8L6C28UcoHB0aHNiShNjQXQ2X,0
1rmGe41OmaJ1TY8PhFjYG75kRfq3WaxbrmR8ayEvy0sw,2296 ,Mar 2021,1RNCQNNf8L6C28UcoHB0aHNiShNjQXQ2X,0
1rmGe41OmaJ1TY8PhFjYG75kRfq3WaxbrmR8ayEvy0sw,2296 ,Apr 2021,1RNCQNNf8L6C28UcoHB0aHNiShNjQXQ2X,0
1rmGe41OmaJ1TY8PhFjYG75kRfq3WaxbrmR8ayEvy0sw,2296 ,May 2021,1RNCQNNf8L6C28UcoHB0aHNiShNjQXQ2X,0
1rmGe41OmaJ1TY8PhFjYG75kRfq3WaxbrmR8ayEvy0sw,2296 ,Jun 2021,1RNCQNNf8L6C28UcoHB0aHNiShNjQXQ2X,0
1rmGe41OmaJ1TY8PhFjYG75kRfq3WaxbrmR8ayEvy0sw,2296 ,Jul 2021,1RNCQNNf8L6C28UcoHB0aHNiShNjQXQ2X,0
1rmGe41OmaJ1TY8PhFjYG75kRfq3WaxbrmR8ayEvy0sw,2296 ,Aug 2021,1RNCQNNf8L6C28UcoHB0aHNiShNjQXQ2X,0
1rmGe41OmaJ1TY8PhFjYG75kRfq3WaxbrmR8ayEvy0sw,2296 ,Sep 2021,1RNCQNNf8L6C28UcoHB0aHNiShNjQXQ2X,0
1rmGe41OmaJ1TY8PhFjYG75kRfq3WaxbrmR8ayEvy0sw,2296 ,Oct 2021,1RNCQNNf8L6C28UcoHB0aHNiShNjQXQ2X,0
1rmGe41OmaJ1TY8PhFjYG75kRfq3WaxbrmR8ayEvy0sw,2296 ,Nov 2021,1RNCQNNf8L6C28UcoHB0aHNiShNjQXQ2X,0
1rmGe41OmaJ1TY8PhFjYG75kRfq3WaxbrmR8ayEvy0sw,2296 ,Dec 2021,1RNCQNNf8L6C28UcoHB0aHNiShNjQXQ2X,0
1QlZIXYoXhGSZwPTHJEeJsiRGuqbZP8Si6w5Ng7ppjEQ,7345 ,Jan 2021,1RNCQNNf8L6C28UcoHB0aHNiShNjQXQ2X,1385.1
1QlZIXYoXhGSZwPTHJEeJsiRGuqbZP8Si6w5Ng7ppjEQ,7345 ,Feb 2021,1RNCQNNf8L6C28UcoHB0aHNiShNjQXQ2X,1385.1
1QlZIXYoXhGSZwPTHJEeJsiRGuqbZP8Si6w5Ng7ppjEQ,7345 ,Mar 2021,1RNCQNNf8L6C28UcoHB0aHNiShNjQXQ2X,1385.1
1QlZIXYoXhGSZwPTHJEeJsiRGuqbZP8Si6w5Ng7ppjEQ,7345 ,Apr 2021,1RNCQNNf8L6C28UcoHB0aHNiShNjQXQ2X,1385.1
1QlZIXYoXhGSZwPTHJEeJsiRGuqbZP8Si6w5Ng7ppjEQ,7345 ,May 2021,1RNCQNNf8L6C28UcoHB0aHNiShNjQXQ2X,1385.1
1QlZIXYoXhGSZwPTHJEeJsiRGuqbZP8Si6w5Ng7ppjEQ,7345 ,Jun 2021,1RNCQNNf8L6C28UcoHB0aHNiShNjQXQ2X,1385.1
1QlZIXYoXhGSZwPTHJEeJsiRGuqbZP8Si6w5Ng7ppjEQ,7345 ,Jul 2021,1RNCQNNf8L6C28UcoHB0aHNiShNjQXQ2X,1385.1
1QlZIXYoXhGSZwPTHJEeJsiRGuqbZP8Si6w5Ng7ppjEQ,7345 ,Aug 2021,1RNCQNNf8L6C28UcoHB0aHNiShNjQXQ2X,1385.1
1QlZIXYoXhGSZwPTHJEeJsiRGuqbZP8Si6w5Ng7ppjEQ,7345 ,Sep 2021,1RNCQNNf8L6C28UcoHB0aHNiShNjQXQ2X,1385.1
1QlZIXYoXhGSZwPTHJEeJsiRGuqbZP8Si6w5Ng7ppjEQ,7345 ,Oct 2021,1RNCQNNf8L6C28UcoHB0aHNiShNjQXQ2X,1385.1
1QlZIXYoXhGSZwPTHJEeJsiRGuqbZP8Si6w5Ng7ppjEQ,7345 ,Nov 2021,1RNCQNNf8L6C28UcoHB0aHNiShNjQXQ2X,1385.1
1QlZIXYoXhGSZwPTHJEeJsiRGuqbZP8Si6w5Ng7ppjEQ,7345 ,Dec 2021,1RNCQNNf8L6C28UcoHB0aHNiShNjQXQ2X,1385.1
1McnVbLaIbQKgQctsd8LA3mITyZEs10rXnADpVFns1Eg,0654 ,Jan 2021,1RNCQNNf8L6C28UcoHB0aHNiShNjQXQ2X,0
1McnVbLaIbQKgQctsd8LA3mITyZEs10rXnADpVFns1Eg,0654 ,Feb 2021,1RNCQNNf8L6C28UcoHB0aHNiShNjQXQ2X,0
1McnVbLaIbQKgQctsd8LA3mITyZEs10rXnADpVFns1Eg,0654 ,Mar 2021,1RNCQNNf8L6C28UcoHB0aHNiShNjQXQ2X,0
1McnVbLaIbQKgQctsd8LA3mITyZEs10rXnADpVFns1Eg,0654 ,Apr 2021,1RNCQNNf8L6C28UcoHB0aHNiShNjQXQ2X,0
1McnVbLaIbQKgQctsd8LA3mITyZEs10rXnADpVFns1Eg,0654 ,May 2021,1RNCQNNf8L6C28UcoHB0aHNiShNjQXQ2X,0
1McnVbLaIbQKgQctsd8LA3mITyZEs10rXnADpVFns1Eg,0654 ,Jun 2021,1RNCQNNf8L6C28UcoHB0aHNiShNjQXQ2X,0
1McnVbLaIbQKgQctsd8LA3mITyZEs10rXnADpVFns1Eg,0654 ,Jul 2021,1RNCQNNf8L6C28UcoHB0aHNiShNjQXQ2X,0
1McnVbLaIbQKgQctsd8LA3mITyZEs10rXnADpVFns1Eg,0654 ,Aug 2021,1RNCQNNf8L6C28UcoHB0aHNiShNjQXQ2X,0
1McnVbLaIbQKgQctsd8LA3mITyZEs10rXnADpVFns1Eg,0654 ,Sep 2021,1RNCQNNf8L6C28UcoHB0aHNiShNjQXQ2X,0
1McnVbLaIbQKgQctsd8LA3mITyZEs10rXnADpVFns1Eg,0654 ,Oct 2021,1RNCQNNf8L6C28UcoHB0aHNiShNjQXQ2X,0
1McnVbLaIbQKgQctsd8LA3mITyZEs10rXnADpVFns1Eg,0654 ,Nov 2021,1RNCQNNf8L6C28UcoHB0aHNiShNjQXQ2X,0
1McnVbLaIbQKgQctsd8LA3mITyZEs10rXnADpVFns1Eg,0654 ,Dec 2021,1RNCQNNf8L6C28UcoHB0aHNiShNjQXQ2X,0
1s5duG6s0IYGr-AFHFi1zc7I8U1FILCjzEsSPnFK70pg,6817 ,Jan 2021,1RNCQNNf8L6C28UcoHB0aHNiShNjQXQ2X,297.1
1s5duG6s0IYGr-AFHFi1zc7I8U1FILCjzEsSPnFK70pg,6817 ,Feb 2021,1RNCQNNf8L6C28UcoHB0aHNiShNjQXQ2X,297.1
1s5duG6s0IYGr-AFHFi1zc7I8U1FILCjzEsSPnFK70pg,6817 ,Mar 2021,1RNCQNNf8L6C28UcoHB0aHNiShNjQXQ2X,297.1
1s5duG6s0IYGr-AFHFi1zc7I8U1FILCjzEsSPnFK70pg,6817 ,Apr 2021,1RNCQNNf8L6C28UcoHB0aHNiShNjQXQ2X,297.1
1s5duG6s0IYGr-AFHFi1zc7I8U1FILCjzEsSPnFK70pg,6817 ,May 2021,1RNCQNNf8L6C28UcoHB0aHNiShNjQXQ2X,297.1
1s5duG6s0IYGr-AFHFi1zc7I8U1FILCjzEsSPnFK70pg,6817 ,Jun 2021,1RNCQNNf8L6C28UcoHB0aHNiShNjQXQ2X,297.1
1s5duG6s0IYGr-AFHFi1zc7I8U1FILCjzEsSPnFK70pg,6817 ,Jul 2021,1RNCQNNf8L6C28UcoHB0aHNiShNjQXQ2X,297.1
1s5duG6s0IYGr-AFHFi1zc7I8U1FILCjzEsSPnFK70pg,6817 ,Aug 2021,1RNCQNNf8L6C28UcoHB0aHNiShNjQXQ2X,297.1
1s5duG6s0IYGr-AFHFi1zc7I8U1FILCjzEsSPnFK70pg,6817 ,Sep 2021,1RNCQNNf8L6C28UcoHB0aHNiShNjQXQ2X,297.1
1s5duG6s0IYGr-AFHFi1zc7I8U1FILCjzEsSPnFK70pg,6817 ,Oct 2021,1RNCQNNf8L6C28UcoHB0aHNiShNjQXQ2X,297.1
1s5duG6s0IYGr-AFHFi1zc7I8U1FILCjzEsSPnFK70pg,6817 ,Nov 2021,1RNCQNNf8L6C28UcoHB0aHNiShNjQXQ2X,297.1
1s5duG6s0IYGr-AFHFi1zc7I8U1FILCjzEsSPnFK70pg,6817 ,Dec 2021,1RNCQNNf8L6C28UcoHB0aHNiShNjQXQ2X,297.1
1cwYVGtjORajk-05FM9Opq2fzblgh7bfhcwYctVBr9n8,0458 ,Jan 2021,1RNCQNNf8L6C28UcoHB0aHNiShNjQXQ2X,0
1cwYVGtjORajk-05FM9Opq2fzblgh7bfhcwYctVBr9n8,0458 ,Feb 2021,1RNCQNNf8L6C28UcoHB0aHNiShNjQXQ2X,0
1cwYVGtjORajk-05FM9Opq2fzblgh7bfhcwYctVBr9n8,0458 ,Mar 2021,1RNCQNNf8L6C28UcoHB0aHNiShNjQXQ2X,0
1cwYVGtjORajk-05FM9Opq2fzblgh7bfhcwYctVBr9n8,0458 ,Apr 2021,1RNCQNNf8L6C28UcoHB0aHNiShNjQXQ2X,0
1cwYVGtjORajk-05FM9Opq2fzblgh7bfhcwYctVBr9n8,0458 ,May 2021,1RNCQNNf8L6C28UcoHB0aHNiShNjQXQ2X,0
1cwYVGtjORajk-05FM9Opq2fzblgh7bfhcwYctVBr9n8,0458 ,Jun 2021,1RNCQNNf8L6C28UcoHB0aHNiShNjQXQ2X,0
1cwYVGtjORajk-05FM9Opq2fzblgh7bfhcwYctVBr9n8,0458 ,Jul 2021,1RNCQNNf8L6C28UcoHB0aHNiShNjQXQ2X,0
1cwYVGtjORajk-05FM9Opq2fzblgh7bfhcwYctVBr9n8,0458 ,Aug 2021,1RNCQNNf8L6C28UcoHB0aHNiShNjQXQ2X,0
1cwYVGtjORajk-05FM9Opq2fzblgh7bfhcwYctVBr9n8,0458 ,Sep 2021,1RNCQNNf8L6C28UcoHB0aHNiShNjQXQ2X,0
1cwYVGtjORajk-05FM9Opq2fzblgh7bfhcwYctVBr9n8,0458 ,Oct 2021,1RNCQNNf8L6C28UcoHB0aHNiShNjQXQ2X,0
1cwYVGtjORajk-05FM9Opq2fzblgh7bfhcwYctVBr9n8,0458 ,Nov 2021,1RNCQNNf8L6C28UcoHB0aHNiShNjQXQ2X,0
1cwYVGtjORajk-05FM9Opq2fzblgh7bfhcwYctVBr9n8,0458 ,Dec 2021,1RNCQNNf8L6C28UcoHB0aHNiShNjQXQ2X,0
1pceLlt5uhAeYMhZZeo7xtDbf-rKuStBlmb62L35kmrY,9597 ,Jan 2021,1RNCQNNf8L6C28UcoHB0aHNiShNjQXQ2X,0
1pceLlt5uhAeYMhZZeo7xtDbf-rKuStBlmb62L35kmrY,9597 ,Feb 2021,1RNCQNNf8L6C28UcoHB0aHNiShNjQXQ2X,0
1pceLlt5uhAeYMhZZeo7xtDbf-rKuStBlmb62L35kmrY,9597 ,Mar 2021,1RNCQNNf8L6C28UcoHB0aHNiShNjQXQ2X,0
1pceLlt5uhAeYMhZZeo7xtDbf-rKuStBlmb62L35kmrY,9597 ,Apr 2021,1RNCQNNf8L6C28UcoHB0aHNiShNjQXQ2X,0
1pceLlt5uhAeYMhZZeo7xtDbf-rKuStBlmb62L35kmrY,9597 ,May 2021,1RNCQNNf8L6C28UcoHB0aHNiShNjQXQ2X,0
1pceLlt5uhAeYMhZZeo7xtDbf-rKuStBlmb62L35kmrY,9597 ,Jun 2021,1RNCQNNf8L6C28UcoHB0aHNiShNjQXQ2X,0
1pceLlt5uhAeYMhZZeo7xtDbf-rKuStBlmb62L35kmrY,9597 ,Jul 2021,1RNCQNNf8L6C28UcoHB0aHNiShNjQXQ2X,0
1pceLlt5uhAeYMhZZeo7xtDbf-rKuStBlmb62L35kmrY,9597 ,Aug 2021,1RNCQNNf8L6C28UcoHB0aHNiShNjQXQ2X,0
1pceLlt5uhAeYMhZZeo7xtDbf-rKuStBlmb62L35kmrY,9597 ,Sep 2021,1RNCQNNf8L6C28UcoHB0aHNiShNjQXQ2X,0
1pceLlt5uhAeYMhZZeo7xtDbf-rKuStBlmb62L35kmrY,9597 ,Oct 2021,1RNCQNNf8L6C28UcoHB0aHNiShNjQXQ2X,0
1pceLlt5uhAeYMhZZeo7xtDbf-rKuStBlmb62L35kmrY,9597 ,Nov 2021,1RNCQNNf8L6C28UcoHB0aHNiShNjQXQ2X,0
1pceLlt5uhAeYMhZZeo7xtDbf-rKuStBlmb62L35kmrY,9597 ,Dec 2021,1RNCQNNf8L6C28UcoHB0aHNiShNjQXQ2X,0
1fVJ7i6gHGSH7MV2fxS-Am5bxOZpZVXqtpVDDM38NZ1w,5827 ,Jan 2021,1RNCQNNf8L6C28UcoHB0aHNiShNjQXQ2X,1871.03
1fVJ7i6gHGSH7MV2fxS-Am5bxOZpZVXqtpVDDM38NZ1w,5827 ,Feb 2021,1RNCQNNf8L6C28UcoHB0aHNiShNjQXQ2X,1871.03
1fVJ7i6gHGSH7MV2fxS-Am5bxOZpZVXqtpVDDM38NZ1w,5827 ,Mar 2021,1RNCQNNf8L6C28UcoHB0aHNiShNjQXQ2X,1871.03
1fVJ7i6gHGSH7MV2fxS-Am5bxOZpZVXqtpVDDM38NZ1w,5827 ,Apr 2021,1RNCQNNf8L6C28UcoHB0aHNiShNjQXQ2X,1871.03
1fVJ7i6gHGSH7MV2fxS-Am5bxOZpZVXqtpVDDM38NZ1w,5827 ,May 2021,1RNCQNNf8L6C28UcoHB0aHNiShNjQXQ2X,1871.03
1fVJ7i6gHGSH7MV2fxS-Am5bxOZpZVXqtpVDDM38NZ1w,5827 ,Jun 2021,1RNCQNNf8L6C28UcoHB0aHNiShNjQXQ2X,1871.03
1fVJ7i6gHGSH7MV2fxS-Am5bxOZpZVXqtpVDDM38NZ1w,5827 ,Jul 2021,1RNCQNNf8L6C28UcoHB0aHNiShNjQXQ2X,1871.03
1fVJ7i6gHGSH7MV2fxS-Am5bxOZpZVXqtpVDDM38NZ1w,5827 ,Aug 2021,1RNCQNNf8L6C28UcoHB0aHNiShNjQXQ2X,1871.03
1fVJ7i6gHGSH7MV2fxS-Am5bxOZpZVXqtpVDDM38NZ1w,5827 ,Sep 2021,1RNCQNNf8L6C28UcoHB0aHNiShNjQXQ2X,1871.03
1fVJ7i6gHGSH7MV2fxS-Am5bxOZpZVXqtpVDDM38NZ1w,5827 ,Oct 2021,1RNCQNNf8L6C28UcoHB0aHNiShNjQXQ2X,1871.03
1fVJ7i6gHGSH7MV2fxS-Am5bxOZpZVXqtpVDDM38NZ1w,5827 ,Nov 2021,1RNCQNNf8L6C28UcoHB0aHNiShNjQXQ2X,1871.03
1fVJ7i6gHGSH7MV2fxS-Am5bxOZpZVXqtpVDDM38NZ1w,5827 ,Dec 2021,1RNCQNNf8L6C28UcoHB0aHNiShNjQXQ2X,1871.03
1IjYZ_WXzx-Kav6H2m1yyOI8n4l2IYe5tjBes81KqRn4,1556 ,Jan 2021,1RNCQNNf8L6C28UcoHB0aHNiShNjQXQ2X,0
1IjYZ_WXzx-Kav6H2m1yyOI8n4l2IYe5tjBes81KqRn4,1556 ,Feb 2021,1RNCQNNf8L6C28UcoHB0aHNiShNjQXQ2X,0
1IjYZ_WXzx-Kav6H2m1yyOI8n4l2IYe5tjBes81KqRn4,1556 ,Mar 2021,1RNCQNNf8L6C28UcoHB0aHNiShNjQXQ2X,0
1IjYZ_WXzx-Kav6H2m1yyOI8n4l2IYe5tjBes81KqRn4,1556 ,Apr 2021,1RNCQNNf8L6C28UcoHB0aHNiShNjQXQ2X,0
1IjYZ_WXzx-Kav6H2m1yyOI8n4l2IYe5tjBes81KqRn4,1556 ,May 2021,1RNCQNNf8L6C28UcoHB0aHNiShNjQXQ2X,0
1IjYZ_WXzx-Kav6H2m1yyOI8n4l2IYe5tjBes81KqRn4,1556 ,Jun 2021,1RNCQNNf8L6C28UcoHB0aHNiShNjQXQ2X,0
1IjYZ_WXzx-Kav6H2m1yyOI8n4l2IYe5tjBes81KqRn4,1556 ,Jul 2021,1RNCQNNf8L6C28UcoHB0aHNiShNjQXQ2X,0
1IjYZ_WXzx-Kav6H2m1yyOI8n4l2IYe5tjBes81KqRn4,1556 ,Aug 2021,1RNCQNNf8L6C28UcoHB0aHNiShNjQXQ2X,0
1IjYZ_WXzx-Kav6H2m1yyOI8n4l2IYe5tjBes81KqRn4,1556 ,Sep 2021,1RNCQNNf8L6C28UcoHB0aHNiShNjQXQ2X,0
1IjYZ_WXzx-Kav6H2m1yyOI8n4l2IYe5tjBes81KqRn4,1556 ,Oct 2021,1RNCQNNf8L6C28UcoHB0aHNiShNjQXQ2X,0
1IjYZ_WXzx-Kav6H2m1yyOI8n4l2IYe5tjBes81KqRn4,1556 ,Nov 2021,1RNCQNNf8L6C28UcoHB0aHNiShNjQXQ2X,0
1IjYZ_WXzx-Kav6H2m1yyOI8n4l2IYe5tjBes81KqRn4,1556 ,Dec 2021,1RNCQNNf8L6C28UcoHB0aHNiShNjQXQ2X,0
1nU637zQwC9moSDaJ1NY-SiOvMruHOJE7GnZqGAZmhkE,4935 ,Jan 2021,1RNCQNNf8L6C28UcoHB0aHNiShNjQXQ2X,0
1nU637zQwC9moSDaJ1NY-SiOvMruHOJE7GnZqGAZmhkE,4935 ,Feb 2021,1RNCQNNf8L6C28UcoHB0aHNiShNjQXQ2X,0
1nU637zQwC9moSDaJ1NY-SiOvMruHOJE7GnZqGAZmhkE,4935 ,Mar 2021,1RNCQNNf8L6C28UcoHB0aHNiShNjQXQ2X,0
1nU637zQwC9moSDaJ1NY-SiOvMruHOJE7GnZqGAZmhkE,4935 ,Apr 2021,1RNCQNNf8L6C28UcoHB0aHNiShNjQXQ2X,0
1nU637zQwC9moSDaJ1NY-SiOvMruHOJE7GnZqGAZmhkE,4935 ,May 2021,1RNCQNNf8L6C28UcoHB0aHNiShNjQXQ2X,0
1nU637zQwC9moSDaJ1NY-SiOvMruHOJE7GnZqGAZmhkE,4935 ,Jun 2021,1RNCQNNf8L6C28UcoHB0aHNiShNjQXQ2X,0
1nU637zQwC9moSDaJ1NY-SiOvMruHOJE7GnZqGAZmhkE,4935 ,Jul 2021,1RNCQNNf8L6C28UcoHB0aHNiShNjQXQ2X,0
1nU637zQwC9moSDaJ1NY-SiOvMruHOJE7GnZqGAZmhkE,4935 ,Aug 2021,1RNCQNNf8L6C28UcoHB0aHNiShNjQXQ2X,0
1nU637zQwC9moSDaJ1NY-SiOvMruHOJE7GnZqGAZmhkE,4935 ,Sep 2021,1RNCQNNf8L6C28UcoHB0aHNiShNjQXQ2X,0
1nU637zQwC9moSDaJ1NY-SiOvMruHOJE7GnZqGAZmhkE,4935 ,Oct 2021,1RNCQNNf8L6C28UcoHB0aHNiShNjQXQ2X,0
1nU637zQwC9moSDaJ1NY-SiOvMruHOJE7GnZqGAZmhkE,4935 ,Nov 2021,1RNCQNNf8L6C28UcoHB0aHNiShNjQXQ2X,0
1nU637zQwC9moSDaJ1NY-SiOvMruHOJE7GnZqGAZmhkE,4935 ,Dec 2021,1RNCQNNf8L6C28UcoHB0aHNiShNjQXQ2X,0
1im-6BQKWdSKGZTgVwGb--sOMi37j9tfhcEVOVPbwmzA,0903 ,Jan 2021,1RNCQNNf8L6C28UcoHB0aHNiShNjQXQ2X,357.87
1im-6BQKWdSKGZTgVwGb--sOMi37j9tfhcEVOVPbwmzA,0903 ,Feb 2021,1RNCQNNf8L6C28UcoHB0aHNiShNjQXQ2X,357.87
1im-6BQKWdSKGZTgVwGb--sOMi37j9tfhcEVOVPbwmzA,0903 ,Mar 2021,1RNCQNNf8L6C28UcoHB0aHNiShNjQXQ2X,357.87
1im-6BQKWdSKGZTgVwGb--sOMi37j9tfhcEVOVPbwmzA,0903 ,Apr 2021,1RNCQNNf8L6C28UcoHB0aHNiShNjQXQ2X,357.87
1im-6BQKWdSKGZTgVwGb--sOMi37j9tfhcEVOVPbwmzA,0903 ,May 2021,1RNCQNNf8L6C28UcoHB0aHNiShNjQXQ2X,357.87
1im-6BQKWdSKGZTgVwGb--sOMi37j9tfhcEVOVPbwmzA,0903 ,Jun 2021,1RNCQNNf8L6C28UcoHB0aHNiShNjQXQ2X,357.87
1im-6BQKWdSKGZTgVwGb--sOMi37j9tfhcEVOVPbwmzA,0903 ,Jul 2021,1RNCQNNf8L6C28UcoHB0aHNiShNjQXQ2X,357.87
1im-6BQKWdSKGZTgVwGb--sOMi37j9tfhcEVOVPbwmzA,0903 ,Aug 2021,1RNCQNNf8L6C28UcoHB0aHNiShNjQXQ2X,357.87
1im-6BQKWdSKGZTgVwGb--sOMi37j9tfhcEVOVPbwmzA,0903 ,Sep 2021,1RNCQNNf8L6C28UcoHB0aHNiShNjQXQ2X,357.87
1im-6BQKWdSKGZTgVwGb--sOMi37j9tfhcEVOVPbwmzA,0903 ,Oct 2021,1RNCQNNf8L6C28UcoHB0aHNiShNjQXQ2X,357.87
1im-6BQKWdSKGZTgVwGb--sOMi37j9tfhcEVOVPbwmzA,0903 ,Nov 2021,1RNCQNNf8L6C28UcoHB0aHNiShNjQXQ2X,357.87
1im-6BQKWdSKGZTgVwGb--sOMi37j9tfhcEVOVPbwmzA,0903 ,Dec 2021,1RNCQNNf8L6C28UcoHB0aHNiShNjQXQ2X,357.87
1poBNLy2eAdvcJ7zFfs_LG8xRWjZeRW_Va3Ub9exV-9E,8907 ,Jan 2021,1RNCQNNf8L6C28UcoHB0aHNiShNjQXQ2X,996
1poBNLy2eAdvcJ7zFfs_LG8xRWjZeRW_Va3Ub9exV-9E,8907 ,Feb 2021,1RNCQNNf8L6C28UcoHB0aHNiShNjQXQ2X,996
1poBNLy2eAdvcJ7zFfs_LG8xRWjZeRW_Va3Ub9exV-9E,8907 ,Mar 2021,1RNCQNNf8L6C28UcoHB0aHNiShNjQXQ2X,996
1poBNLy2eAdvcJ7zFfs_LG8xRWjZeRW_Va3Ub9exV-9E,8907 ,Apr 2021,1RNCQNNf8L6C28UcoHB0aHNiShNjQXQ2X,996
1poBNLy2eAdvcJ7zFfs_LG8xRWjZeRW_Va3Ub9exV-9E,8907 ,May 2021,1RNCQNNf8L6C28UcoHB0aHNiShNjQXQ2X,996
1poBNLy2eAdvcJ7zFfs_LG8xRWjZeRW_Va3Ub9exV-9E,8907 ,Jun 2021,1RNCQNNf8L6C28UcoHB0aHNiShNjQXQ2X,996
1poBNLy2eAdvcJ7zFfs_LG8xRWjZeRW_Va3Ub9exV-9E,8907 ,Jul 2021,1RNCQNNf8L6C28UcoHB0aHNiShNjQXQ2X,996
1poBNLy2eAdvcJ7zFfs_LG8xRWjZeRW_Va3Ub9exV-9E,8907 ,Aug 2021,1RNCQNNf8L6C28UcoHB0aHNiShNjQXQ2X,996
1poBNLy2eAdvcJ7zFfs_LG8xRWjZeRW_Va3Ub9exV-9E,8907 ,Sep 2021,1RNCQNNf8L6C28UcoHB0aHNiShNjQXQ2X,996
1poBNLy2eAdvcJ7zFfs_LG8xRWjZeRW_Va3Ub9exV-9E,8907 ,Oct 2021,1RNCQNNf8L6C28UcoHB0aHNiShNjQXQ2X,996
1poBNLy2eAdvcJ7zFfs_LG8xRWjZeRW_Va3Ub9exV-9E,8907 ,Nov 2021,1RNCQNNf8L6C28UcoHB0aHNiShNjQXQ2X,996
1poBNLy2eAdvcJ7zFfs_LG8xRWjZeRW_Va3Ub9exV-9E,8907 ,Dec 2021,1RNCQNNf8L6C28UcoHB0aHNiShNjQXQ2X,996
1M28kRB_06XWqgbSipW2MkV7miRDOUrWASWAjVhWZyBM,0701 ,Jan 2021,1RNCQNNf8L6C28UcoHB0aHNiShNjQXQ2X,434.59
1M28kRB_06XWqgbSipW2MkV7miRDOUrWASWAjVhWZyBM,0701 ,Feb 2021,1RNCQNNf8L6C28UcoHB0aHNiShNjQXQ2X,434.59
1M28kRB_06XWqgbSipW2MkV7miRDOUrWASWAjVhWZyBM,0701 ,Mar 2021,1RNCQNNf8L6C28UcoHB0aHNiShNjQXQ2X,434.59
1M28kRB_06XWqgbSipW2MkV7miRDOUrWASWAjVhWZyBM,0701 ,Apr 2021,1RNCQNNf8L6C28UcoHB0aHNiShNjQXQ2X,434.59
1M28kRB_06XWqgbSipW2MkV7miRDOUrWASWAjVhWZyBM,0701 ,May 2021,1RNCQNNf8L6C28UcoHB0aHNiShNjQXQ2X,434.59
1M28kRB_06XWqgbSipW2MkV7miRDOUrWASWAjVhWZyBM,0701 ,Jun 2021,1RNCQNNf8L6C28UcoHB0aHNiShNjQXQ2X,434.59
1M28kRB_06XWqgbSipW2MkV7miRDOUrWASWAjVhWZyBM,0701 ,Jul 2021,1RNCQNNf8L6C28UcoHB0aHNiShNjQXQ2X,434.59
1M28kRB_06XWqgbSipW2MkV7miRDOUrWASWAjVhWZyBM,0701 ,Aug 2021,1RNCQNNf8L6C28UcoHB0aHNiShNjQXQ2X,434.59
1M28kRB_06XWqgbSipW2MkV7miRDOUrWASWAjVhWZyBM,0701 ,Sep 2021,1RNCQNNf8L6C28UcoHB0aHNiShNjQXQ2X,434.59
1M28kRB_06XWqgbSipW2MkV7miRDOUrWASWAjVhWZyBM,0701 ,Oct 2021,1RNCQNNf8L6C28UcoHB0aHNiShNjQXQ2X,434.59
1M28kRB_06XWqgbSipW2MkV7miRDOUrWASWAjVhWZyBM,0701 ,Nov 2021,1RNCQNNf8L6C28UcoHB0aHNiShNjQXQ2X,434.59
1M28kRB_06XWqgbSipW2MkV7miRDOUrWASWAjVhWZyBM,0701 ,Dec 2021,1RNCQNNf8L6C28UcoHB0aHNiShNjQXQ2X,434.59
1E6cyr5PjJcbImstN3rGT0oP7Mdvv_RjWcYKNVWlUYrI,1952 ,Jan 2021,1RNCQNNf8L6C28UcoHB0aHNiShNjQXQ2X,1806.06
1E6cyr5PjJcbImstN3rGT0oP7Mdvv_RjWcYKNVWlUYrI,1952 ,Feb 2021,1RNCQNNf8L6C28UcoHB0aHNiShNjQXQ2X,1806.06
1E6cyr5PjJcbImstN3rGT0oP7Mdvv_RjWcYKNVWlUYrI,1952 ,Mar 2021,1RNCQNNf8L6C28UcoHB0aHNiShNjQXQ2X,1806.06
1E6cyr5PjJcbImstN3rGT0oP7Mdvv_RjWcYKNVWlUYrI,1952 ,Apr 2021,1RNCQNNf8L6C28UcoHB0aHNiShNjQXQ2X,1806.06
1E6cyr5PjJcbImstN3rGT0oP7Mdvv_RjWcYKNVWlUYrI,1952 ,May 2021,1RNCQNNf8L6C28UcoHB0aHNiShNjQXQ2X,1806.06
1E6cyr5PjJcbImstN3rGT0oP7Mdvv_RjWcYKNVWlUYrI,1952 ,Jun 2021,1RNCQNNf8L6C28UcoHB0aHNiShNjQXQ2X,1806.06
1E6cyr5PjJcbImstN3rGT0oP7Mdvv_RjWcYKNVWlUYrI,1952 ,Jul 2021,1RNCQNNf8L6C28UcoHB0aHNiShNjQXQ2X,1806.06
1E6cyr5PjJcbImstN3rGT0oP7Mdvv_RjWcYKNVWlUYrI,1952 ,Aug 2021,1RNCQNNf8L6C28UcoHB0aHNiShNjQXQ2X,1806.06
1E6cyr5PjJcbImstN3rGT0oP7Mdvv_RjWcYKNVWlUYrI,1952 ,Sep 2021,1RNCQNNf8L6C28UcoHB0aHNiShNjQXQ2X,1806.06
1E6cyr5PjJcbImstN3rGT0oP7Mdvv_RjWcYKNVWlUYrI,1952 ,Oct 2021,1RNCQNNf8L6C28UcoHB0aHNiShNjQXQ2X,1806.06
1E6cyr5PjJcbImstN3rGT0oP7Mdvv_RjWcYKNVWlUYrI,1952 ,Nov 2021,1RNCQNNf8L6C28UcoHB0aHNiShNjQXQ2X,1806.06
1E6cyr5PjJcbImstN3rGT0oP7Mdvv_RjWcYKNVWlUYrI,1952 ,Dec 2021,1RNCQNNf8L6C28UcoHB0aHNiShNjQXQ2X,1806.06
1-H1Xp7GAvi-vLcoOySv95Fp837hXjhNHo2aO2R_FpUE,2847 ,Jan 2021,1RNCQNNf8L6C28UcoHB0aHNiShNjQXQ2X,832.48
1-H1Xp7GAvi-vLcoOySv95Fp837hXjhNHo2aO2R_FpUE,2847 ,Feb 2021,1RNCQNNf8L6C28UcoHB0aHNiShNjQXQ2X,832.48
1-H1Xp7GAvi-vLcoOySv95Fp837hXjhNHo2aO2R_FpUE,2847 ,Mar 2021,1RNCQNNf8L6C28UcoHB0aHNiShNjQXQ2X,832.48
1-H1Xp7GAvi-vLcoOySv95Fp837hXjhNHo2aO2R_FpUE,2847 ,Apr 2021,1RNCQNNf8L6C28UcoHB0aHNiShNjQXQ2X,832.48
1-H1Xp7GAvi-vLcoOySv95Fp837hXjhNHo2aO2R_FpUE,2847 ,May 2021,1RNCQNNf8L6C28UcoHB0aHNiShNjQXQ2X,832.48
1-H1Xp7GAvi-vLcoOySv95Fp837hXjhNHo2aO2R_FpUE,2847 ,Jun 2021,1RNCQNNf8L6C28UcoHB0aHNiShNjQXQ2X,832.48
1-H1Xp7GAvi-vLcoOySv95Fp837hXjhNHo2aO2R_FpUE,2847 ,Jul 2021,1RNCQNNf8L6C28UcoHB0aHNiShNjQXQ2X,832.48
1-H1Xp7GAvi-vLcoOySv95Fp837hXjhNHo2aO2R_FpUE,2847 ,Aug 2021,1RNCQNNf8L6C28UcoHB0aHNiShNjQXQ2X,832.48
1-H1Xp7GAvi-vLcoOySv95Fp837hXjhNHo2aO2R_FpUE,2847 ,Sep 2021,1RNCQNNf8L6C28UcoHB0aHNiShNjQXQ2X,832.48
1-H1Xp7GAvi-vLcoOySv95Fp837hXjhNHo2aO2R_FpUE,2847 ,Oct 2021,1RNCQNNf8L6C28UcoHB0aHNiShNjQXQ2X,832.48
1-H1Xp7GAvi-vLcoOySv95Fp837hXjhNHo2aO2R_FpUE,2847 ,Nov 2021,1RNCQNNf8L6C28UcoHB0aHNiShNjQXQ2X,832.48
1-H1Xp7GAvi-vLcoOySv95Fp837hXjhNHo2aO2R_FpUE,2847 ,Dec 2021,1RNCQNNf8L6C28UcoHB0aHNiShNjQXQ2X,832.48
1EdMpUMXgLehbBz2xk49L8KGNeM2mooIqglhXnSCrVWs,2493 ,Jan 2021,1RNCQNNf8L6C28UcoHB0aHNiShNjQXQ2X,66
1EdMpUMXgLehbBz2xk49L8KGNeM2mooIqglhXnSCrVWs,2493 ,Feb 2021,1RNCQNNf8L6C28UcoHB0aHNiShNjQXQ2X,66
1EdMpUMXgLehbBz2xk49L8KGNeM2mooIqglhXnSCrVWs,2493 ,Mar 2021,1RNCQNNf8L6C28UcoHB0aHNiShNjQXQ2X,66
1EdMpUMXgLehbBz2xk49L8KGNeM2mooIqglhXnSCrVWs,2493 ,Apr 2021,1RNCQNNf8L6C28UcoHB0aHNiShNjQXQ2X,66
1EdMpUMXgLehbBz2xk49L8KGNeM2mooIqglhXnSCrVWs,2493 ,May 2021,1RNCQNNf8L6C28UcoHB0aHNiShNjQXQ2X,66
1EdMpUMXgLehbBz2xk49L8KGNeM2mooIqglhXnSCrVWs,2493 ,Jun 2021,1RNCQNNf8L6C28UcoHB0aHNiShNjQXQ2X,66
1EdMpUMXgLehbBz2xk49L8KGNeM2mooIqglhXnSCrVWs,2493 ,Jul 2021,1RNCQNNf8L6C28UcoHB0aHNiShNjQXQ2X,66
1EdMpUMXgLehbBz2xk49L8KGNeM2mooIqglhXnSCrVWs,2493 ,Aug 2021,1RNCQNNf8L6C28UcoHB0aHNiShNjQXQ2X,66
1EdMpUMXgLehbBz2xk49L8KGNeM2mooIqglhXnSCrVWs,2493 ,Sep 2021,1RNCQNNf8L6C28UcoHB0aHNiShNjQXQ2X,66
1EdMpUMXgLehbBz2xk49L8KGNeM2mooIqglhXnSCrVWs,2493 ,Oct 2021,1RNCQNNf8L6C28UcoHB0aHNiShNjQXQ2X,66
1EdMpUMXgLehbBz2xk49L8KGNeM2mooIqglhXnSCrVWs,2493 ,Nov 2021,1RNCQNNf8L6C28UcoHB0aHNiShNjQXQ2X,66
1EdMpUMXgLehbBz2xk49L8KGNeM2mooIqglhXnSCrVWs,2493 ,Dec 2021,1RNCQNNf8L6C28UcoHB0aHNiShNjQXQ2X,66
19ILaHHZwB0fRlwD8uHTv1Wl71PMlvR3J37O1mHQZjFE,1239 ,Jan 2021,1RNCQNNf8L6C28UcoHB0aHNiShNjQXQ2X,1095.9
19ILaHHZwB0fRlwD8uHTv1Wl71PMlvR3J37O1mHQZjFE,1239 ,Feb 2021,1RNCQNNf8L6C28UcoHB0aHNiShNjQXQ2X,1095.9
19ILaHHZwB0fRlwD8uHTv1Wl71PMlvR3J37O1mHQZjFE,1239 ,Mar 2021,1RNCQNNf8L6C28UcoHB0aHNiShNjQXQ2X,1095.9
19ILaHHZwB0fRlwD8uHTv1Wl71PMlvR3J37O1mHQZjFE,1239 ,Apr 2021,1RNCQNNf8L6C28UcoHB0aHNiShNjQXQ2X,1095.9
19ILaHHZwB0fRlwD8uHTv1Wl71PMlvR3J37O1mHQZjFE,1239 ,May 2021,1RNCQNNf8L6C28UcoHB0aHNiShNjQXQ2X,1095.9
19ILaHHZwB0fRlwD8uHTv1Wl71PMlvR3J37O1mHQZjFE,1239 ,Jun 2021,1RNCQNNf8L6C28UcoHB0aHNiShNjQXQ2X,1095.9
19ILaHHZwB0fRlwD8uHTv1Wl71PMlvR3J37O1mHQZjFE,1239 ,Jul 2021,1RNCQNNf8L6C28UcoHB0aHNiShNjQXQ2X,1095.9
19ILaHHZwB0fRlwD8uHTv1Wl71PMlvR3J37O1mHQZjFE,1239 ,Aug 2021,1RNCQNNf8L6C28UcoHB0aHNiShNjQXQ2X,1095.9
19ILaHHZwB0fRlwD8uHTv1Wl71PMlvR3J37O1mHQZjFE,1239 ,Sep 2021,1RNCQNNf8L6C28UcoHB0aHNiShNjQXQ2X,1095.9
19ILaHHZwB0fRlwD8uHTv1Wl71PMlvR3J37O1mHQZjFE,1239 ,Oct 2021,1RNCQNNf8L6C28UcoHB0aHNiShNjQXQ2X,1095.9
19ILaHHZwB0fRlwD8uHTv1Wl71PMlvR3J37O1mHQZjFE,1239 ,Nov 2021,1RNCQNNf8L6C28UcoHB0aHNiShNjQXQ2X,1095.9
19ILaHHZwB0fRlwD8uHTv1Wl71PMlvR3J37O1mHQZjFE,1239 ,Dec 2021,1RNCQNNf8L6C28UcoHB0aHNiShNjQXQ2X,1095.9
1GkGVUk-mjBjUXIsKB_cL5OZsk1uyOAXLvXjT1fQlcMY,5976 ,Jan 2021,1RNCQNNf8L6C28UcoHB0aHNiShNjQXQ2X,232.03
1GkGVUk-mjBjUXIsKB_cL5OZsk1uyOAXLvXjT1fQlcMY,5976 ,Feb 2021,1RNCQNNf8L6C28UcoHB0aHNiShNjQXQ2X,232.03
1GkGVUk-mjBjUXIsKB_cL5OZsk1uyOAXLvXjT1fQlcMY,5976 ,Mar 2021,1RNCQNNf8L6C28UcoHB0aHNiShNjQXQ2X,232.03
1GkGVUk-mjBjUXIsKB_cL5OZsk1uyOAXLvXjT1fQlcMY,5976 ,Apr 2021,1RNCQNNf8L6C28UcoHB0aHNiShNjQXQ2X,232.03
1GkGVUk-mjBjUXIsKB_cL5OZsk1uyOAXLvXjT1fQlcMY,5976 ,May 2021,1RNCQNNf8L6C28UcoHB0aHNiShNjQXQ2X,232.03
1GkGVUk-mjBjUXIsKB_cL5OZsk1uyOAXLvXjT1fQlcMY,5976 ,Jun 2021,1RNCQNNf8L6C28UcoHB0aHNiShNjQXQ2X,232.03
1GkGVUk-mjBjUXIsKB_cL5OZsk1uyOAXLvXjT1fQlcMY,5976 ,Jul 2021,1RNCQNNf8L6C28UcoHB0aHNiShNjQXQ2X,232.03
1GkGVUk-mjBjUXIsKB_cL5OZsk1uyOAXLvXjT1fQlcMY,5976 ,Aug 2021,1RNCQNNf8L6C28UcoHB0aHNiShNjQXQ2X,232.03
1GkGVUk-mjBjUXIsKB_cL5OZsk1uyOAXLvXjT1fQlcMY,5976 ,Sep 2021,1RNCQNNf8L6C28UcoHB0aHNiShNjQXQ2X,232.03
1GkGVUk-mjBjUXIsKB_cL5OZsk1uyOAXLvXjT1fQlcMY,5976 ,Oct 2021,1RNCQNNf8L6C28UcoHB0aHNiShNjQXQ2X,232.03
1GkGVUk-mjBjUXIsKB_cL5OZsk1uyOAXLvXjT1fQlcMY,5976 ,Nov 2021,1RNCQNNf8L6C28UcoHB0aHNiShNjQXQ2X,232.03
1GkGVUk-mjBjUXIsKB_cL5OZsk1uyOAXLvXjT1fQlcMY,5976 ,Dec 2021,1RNCQNNf8L6C28UcoHB0aHNiShNjQXQ2X,232.03
